timestamp,user_id,event_type,page,session_id,device,country,duration_ms
2026-03-27T00:48:02.717007Z,usr_0082,add_to_cart,/page/cart,sess_59061,tablet,CA,13215
2026-03-18T00:30:35.717091Z,usr_0060,click,/page/settings,sess_34441,mobile,US,27689
2026-03-18T09:35:29.717112Z,usr_0043,signup,/page/home,sess_96270,tablet,CA,28997
2026-03-09T08:04:57.717126Z,usr_0152,click,/page/checkout,sess_65820,tablet,DE,27642
2026-03-21T17:47:02.717140Z,usr_0131,page_view,/page/home,sess_67671,mobile,FR,25057
2026-03-22T01:36:07.717151Z,usr_0160,signup,/page/settings,sess_23358,desktop,JP,4042
2026-02-28T23:57:04.717164Z,usr_0196,logout,/page/cart,sess_80895,mobile,BR,10046
2026-03-23T01:07:55.717175Z,usr_0034,purchase,/page/products,sess_78734,mobile,US,6200
2026-03-24T00:29:11.717188Z,usr_0109,signup,/page/checkout,sess_96136,desktop,US,20364
2026-03-23T15:46:26.717203Z,usr_0041,page_view,/page/profile,sess_52757,desktop,JP,7975
2026-03-08T09:16:22.717215Z,usr_0042,signup,/page/products,sess_80747,desktop,US,8965
2026-03-14T22:17:02.717226Z,usr_0091,signup,/page/checkout,sess_67144,mobile,BR,11825
2026-03-08T21:56:59.717238Z,usr_0072,checkout_complete,/page/checkout,sess_19550,tablet,US,11257
2026-03-12T04:30:12.717253Z,usr_0002,checkout_start,/page/products,sess_70969,tablet,CA,2459
2026-03-19T10:06:06.717265Z,usr_0136,search,/page/settings,sess_87697,desktop,BR,20987
2026-02-28T19:16:03.717277Z,usr_0150,purchase,/page/profile,sess_11485,tablet,GB,2386
2026-02-26T16:58:45.717289Z,usr_0032,page_view,/page/home,sess_67689,desktop,FR,7474
2026-03-08T01:41:54.717301Z,usr_0087,click,/page/settings,sess_41796,mobile,JP,3625
2026-03-23T18:49:37.717312Z,usr_0094,search,/page/products,sess_47286,desktop,BR,14045
2026-03-22T21:20:04.717324Z,usr_0090,signup,/page/home,sess_35350,tablet,GB,9230
2026-03-19T13:38:05.717335Z,usr_0078,search,/page/profile,sess_10466,desktop,AU,9694
2026-03-07T10:41:01.717346Z,usr_0029,search,/page/profile,sess_82714,mobile,AU,18099
2026-03-02T04:27:10.717357Z,usr_0095,checkout_start,/page/settings,sess_94646,desktop,FR,26653
2026-03-27T03:18:57.717369Z,usr_0115,remove_from_cart,/page/settings,sess_52487,tablet,AU,13229
2026-03-12T02:21:02.717381Z,usr_0108,checkout_complete,/page/products,sess_15961,desktop,JP,13671
2026-03-10T00:12:03.717393Z,usr_0049,logout,/page/home,sess_90692,mobile,US,23997
2026-03-02T18:33:47.717404Z,usr_0135,page_view,/page/settings,sess_98204,desktop,GB,13903
2026-03-03T01:11:30.717416Z,usr_0063,checkout_start,/page/home,sess_54727,desktop,FR,2047
2026-03-16T17:52:14.717427Z,usr_0118,click,/page/checkout,sess_19666,mobile,DE,16396
2026-03-10T16:43:42.717438Z,usr_0178,page_view,/page/products,sess_43943,desktop,US,26933
2026-03-04T02:24:52.717450Z,usr_0019,page_view,/page/cart,sess_68612,desktop,US,16189
2026-03-25T21:22:34.717462Z,usr_0015,logout,/page/home,sess_16240,tablet,FR,17173
2026-03-16T04:56:09.717474Z,usr_0169,signup,/page/settings,sess_98770,desktop,FR,5989
2026-03-18T03:46:32.717485Z,usr_0015,click,/page/products,sess_22787,mobile,BR,29547
2026-03-02T12:37:56.717497Z,usr_0067,search,/page/settings,sess_57734,tablet,US,10703
2026-03-22T14:46:32.717508Z,usr_0012,click,/page/profile,sess_68866,desktop,CA,7408
2026-03-22T17:19:28.717519Z,usr_0102,checkout_complete,/page/cart,sess_41966,mobile,DE,6484
2026-03-02T12:18:15.717531Z,usr_0121,purchase,/page/home,sess_61316,desktop,FR,24392
2026-03-09T07:50:49.717543Z,usr_0074,logout,/page/settings,sess_53214,desktop,JP,9001
2026-03-12T04:53:35.717554Z,usr_0056,click,/page/profile,sess_12544,desktop,BR,13918
2026-02-27T13:09:47.717566Z,usr_0155,search,/page/cart,sess_20263,desktop,FR,28533
2026-03-27T04:04:37.717578Z,usr_0020,logout,/page/checkout,sess_50713,tablet,GB,11160
2026-03-26T16:55:16.717589Z,usr_0112,remove_from_cart,/page/home,sess_81118,desktop,GB,8724
2026-03-19T23:28:27.717601Z,usr_0125,search,/page/cart,sess_27835,desktop,GB,14834
2026-03-25T23:11:36.717613Z,usr_0141,page_view,/page/profile,sess_52436,desktop,DE,28954
2026-02-27T05:07:26.717624Z,usr_0088,page_view,/page/profile,sess_35653,tablet,FR,610
2026-03-11T04:06:49.717635Z,usr_0110,checkout_complete,/page/settings,sess_55206,tablet,JP,20118
2026-03-04T03:53:04.717682Z,usr_0171,purchase,/page/checkout,sess_67613,desktop,DE,13580
2026-03-19T10:32:58.717695Z,usr_0154,logout,/page/profile,sess_56767,tablet,CA,17395
2026-03-06T04:22:44.717709Z,usr_0132,click,/page/cart,sess_11041,mobile,CA,24438
2026-03-02T19:35:27.717721Z,usr_0171,search,/page/checkout,sess_41432,desktop,JP,18268
2026-03-17T10:29:38.717732Z,usr_0126,signup,/page/products,sess_28541,tablet,FR,16721
2026-03-24T23:14:08.717744Z,usr_0180,signup,/page/checkout,sess_62391,desktop,FR,2540
2026-03-08T11:12:16.717756Z,usr_0192,checkout_complete,/page/cart,sess_43589,mobile,FR,17856
2026-03-09T02:11:30.717768Z,usr_0118,signup,/page/products,sess_15997,tablet,US,21985
2026-03-24T02:08:50.717779Z,usr_0062,checkout_complete,/page/checkout,sess_83600,tablet,JP,24584
2026-03-03T21:55:34.717791Z,usr_0081,search,/page/cart,sess_26068,tablet,US,537
2026-03-21T12:08:05.717802Z,usr_0060,add_to_cart,/page/profile,sess_37936,mobile,FR,7352
2026-03-23T19:15:55.717830Z,usr_0141,checkout_complete,/page/profile,sess_36619,mobile,FR,9803
2026-03-26T11:11:38.717842Z,usr_0074,click,/page/cart,sess_22063,mobile,US,11255
2026-03-11T01:05:36.717853Z,usr_0125,page_view,/page/products,sess_16015,tablet,CA,28960
2026-03-02T13:10:46.717864Z,usr_0042,purchase,/page/home,sess_85546,mobile,US,24384
2026-03-09T07:14:57.717876Z,usr_0139,logout,/page/checkout,sess_12366,desktop,GB,18745
2026-03-21T06:56:44.717887Z,usr_0051,click,/page/products,sess_40925,desktop,GB,28088
2026-03-03T15:12:53.717899Z,usr_0096,checkout_complete,/page/products,sess_99785,mobile,DE,18208
2026-03-22T09:02:51.717911Z,usr_0124,add_to_cart,/page/cart,sess_53733,tablet,AU,4119
2026-03-08T22:21:13.717922Z,usr_0171,signup,/page/settings,sess_95484,tablet,JP,25519
2026-03-08T12:36:53.717946Z,usr_0045,logout,/page/products,sess_67648,desktop,FR,1901
2026-03-09T20:18:58.717958Z,usr_0167,search,/page/products,sess_97612,tablet,GB,18992
2026-03-13T20:24:53.717969Z,usr_0082,purchase,/page/profile,sess_73023,desktop,CA,17167
2026-03-08T02:47:26.717980Z,usr_0022,click,/page/cart,sess_75300,desktop,GB,7513
2026-03-26T14:10:09.717999Z,usr_0102,add_to_cart,/page/products,sess_85725,desktop,CA,12951
2026-03-01T13:06:23.718010Z,usr_0197,purchase,/page/products,sess_45570,desktop,US,27847
2026-03-10T21:04:39.718022Z,usr_0107,signup,/page/cart,sess_94830,desktop,FR,9357
2026-02-26T21:28:53.718033Z,usr_0013,checkout_start,/page/checkout,sess_16262,tablet,FR,20632
2026-03-19T22:21:10.718045Z,usr_0019,remove_from_cart,/page/settings,sess_93490,mobile,AU,19624
2026-03-25T17:56:57.718057Z,usr_0117,page_view,/page/settings,sess_33452,tablet,DE,12466
2026-02-26T19:07:11.718068Z,usr_0044,signup,/page/profile,sess_32816,mobile,DE,1053
2026-02-28T13:03:56.718080Z,usr_0010,page_view,/page/home,sess_41899,desktop,FR,12294
2026-03-07T15:35:00.718091Z,usr_0157,checkout_complete,/page/profile,sess_86765,desktop,CA,22095
2026-03-06T06:30:38.718103Z,usr_0175,remove_from_cart,/page/home,sess_99991,mobile,FR,14062
2026-03-18T23:46:43.718115Z,usr_0050,add_to_cart,/page/home,sess_45503,tablet,DE,25632
2026-03-24T06:07:44.718126Z,usr_0009,search,/page/checkout,sess_78505,mobile,GB,16082
2026-03-22T21:38:22.718137Z,usr_0122,signup,/page/home,sess_44476,desktop,FR,23703
2026-03-08T10:30:41.718148Z,usr_0110,checkout_start,/page/cart,sess_46713,desktop,BR,9128
2026-03-08T02:46:02.718160Z,usr_0069,checkout_start,/page/products,sess_47400,mobile,FR,1604
2026-03-15T14:54:49.718172Z,usr_0079,add_to_cart,/page/settings,sess_83040,tablet,CA,16788
2026-03-02T18:03:05.718184Z,usr_0034,signup,/page/profile,sess_79391,tablet,CA,15793
2026-03-11T02:26:52.718196Z,usr_0013,remove_from_cart,/page/checkout,sess_36762,tablet,FR,25929
2026-03-27T10:51:47.718207Z,usr_0036,page_view,/page/profile,sess_79910,tablet,DE,9707
2026-03-18T12:57:43.718219Z,usr_0153,checkout_complete,/page/settings,sess_49545,mobile,DE,7214
2026-03-16T18:11:45.718231Z,usr_0180,checkout_start,/page/checkout,sess_24489,mobile,US,1910
2026-02-28T02:16:30.718311Z,usr_0163,search,/page/cart,sess_40595,tablet,US,9380
2026-02-26T13:45:34.718326Z,usr_0179,add_to_cart,/page/settings,sess_19445,mobile,US,23095
2026-03-22T07:33:20.718338Z,usr_0178,logout,/page/home,sess_45312,tablet,JP,13174
2026-03-03T20:44:49.718349Z,usr_0167,add_to_cart,/page/cart,sess_70553,desktop,US,14811
2026-03-05T11:07:29.718361Z,usr_0098,signup,/page/profile,sess_89017,mobile,BR,20282
2026-03-21T13:33:13.718373Z,usr_0130,checkout_complete,/page/home,sess_49326,desktop,BR,14960
2026-02-27T11:43:24.718384Z,usr_0135,logout,/page/profile,sess_10338,desktop,AU,23106
2026-03-14T01:20:28.718396Z,usr_0169,add_to_cart,/page/products,sess_74423,desktop,DE,17322
2026-03-10T05:43:22.718407Z,usr_0006,remove_from_cart,/page/cart,sess_32065,tablet,CA,24013
2026-03-05T13:54:49.718419Z,usr_0065,purchase,/page/checkout,sess_84222,desktop,AU,22687
2026-03-24T08:18:24.718430Z,usr_0111,checkout_start,/page/home,sess_14307,desktop,CA,9481
2026-03-10T00:05:42.718442Z,usr_0030,signup,/page/cart,sess_57908,desktop,BR,1570
2026-03-27T03:02:22.718454Z,usr_0178,search,/page/profile,sess_26946,tablet,BR,20362
2026-03-07T22:15:27.718466Z,usr_0152,add_to_cart,/page/profile,sess_11580,mobile,JP,20569
2026-03-02T17:39:15.718477Z,usr_0185,search,/page/cart,sess_98855,tablet,AU,5022
2026-03-12T13:52:58.718489Z,usr_0082,add_to_cart,/page/profile,sess_18588,mobile,US,23228
2026-03-05T22:00:25.718500Z,usr_0065,page_view,/page/profile,sess_58360,tablet,US,10633
2026-03-03T10:34:39.718512Z,usr_0141,remove_from_cart,/page/products,sess_36968,mobile,JP,4295
2026-02-28T19:56:25.718524Z,usr_0124,remove_from_cart,/page/home,sess_96471,tablet,CA,14583
2026-02-27T06:42:26.718535Z,usr_0006,checkout_complete,/page/settings,sess_32394,tablet,FR,18371
2026-03-01T16:25:46.718547Z,usr_0155,search,/page/cart,sess_93157,mobile,AU,21514
2026-02-26T08:57:09.718558Z,usr_0057,page_view,/page/products,sess_55359,tablet,GB,7788
2026-02-28T09:46:45.718570Z,usr_0183,page_view,/page/settings,sess_45537,mobile,FR,15464
2026-03-16T08:07:30.718581Z,usr_0114,remove_from_cart,/page/products,sess_70505,desktop,AU,11941
2026-03-03T14:15:54.718593Z,usr_0107,signup,/page/checkout,sess_77472,desktop,JP,3276
2026-03-01T22:32:33.718605Z,usr_0016,add_to_cart,/page/settings,sess_28617,desktop,GB,3186
2026-03-17T12:19:52.718617Z,usr_0109,logout,/page/profile,sess_86479,mobile,AU,15623
2026-02-26T14:55:43.718628Z,usr_0141,logout,/page/home,sess_87165,tablet,US,4222
2026-03-15T04:31:38.718640Z,usr_0091,checkout_start,/page/settings,sess_73362,desktop,JP,590
2026-03-03T02:42:56.718669Z,usr_0122,search,/page/products,sess_46519,tablet,US,26958
2026-03-27T10:43:00.718681Z,usr_0146,add_to_cart,/page/home,sess_35618,desktop,DE,6378
2026-03-09T18:21:42.718692Z,usr_0065,checkout_start,/page/cart,sess_33659,tablet,AU,17364
2026-03-04T16:43:32.718704Z,usr_0015,remove_from_cart,/page/checkout,sess_51673,tablet,AU,850
2026-02-27T11:08:37.718716Z,usr_0131,remove_from_cart,/page/products,sess_76082,desktop,BR,14497
2026-03-18T15:52:19.718728Z,usr_0184,checkout_start,/page/profile,sess_60017,mobile,AU,3337
2026-03-11T22:56:20.718739Z,usr_0086,page_view,/page/cart,sess_74039,tablet,JP,10010
2026-03-02T17:43:54.718751Z,usr_0007,logout,/page/profile,sess_43597,desktop,JP,6034
2026-03-18T23:24:20.718762Z,usr_0095,add_to_cart,/page/checkout,sess_89555,mobile,DE,18929
2026-03-16T07:16:44.718774Z,usr_0135,page_view,/page/profile,sess_59143,mobile,FR,28862
2026-03-21T20:07:57.718803Z,usr_0130,search,/page/checkout,sess_19133,mobile,FR,23667
2026-03-01T01:34:22.718815Z,usr_0024,logout,/page/profile,sess_43823,mobile,BR,23431
2026-02-26T23:31:50.718826Z,usr_0126,purchase,/page/cart,sess_61767,desktop,FR,18449
2026-03-02T16:36:01.718838Z,usr_0161,purchase,/page/profile,sess_36541,tablet,GB,2589
2026-03-07T10:31:52.718850Z,usr_0197,checkout_complete,/page/settings,sess_14626,tablet,BR,2287
2026-03-04T22:33:42.718861Z,usr_0116,logout,/page/checkout,sess_31397,desktop,AU,28741
2026-02-28T10:26:13.718873Z,usr_0061,search,/page/checkout,sess_66118,tablet,BR,18613
2026-03-04T15:48:04.718884Z,usr_0143,signup,/page/home,sess_77437,mobile,FR,20453
2026-03-21T19:00:08.718895Z,usr_0191,click,/page/profile,sess_29929,mobile,GB,13668
2026-03-03T02:49:36.718907Z,usr_0027,checkout_start,/page/checkout,sess_48764,desktop,DE,476
2026-03-08T09:46:34.718918Z,usr_0106,logout,/page/checkout,sess_70316,tablet,JP,9354
2026-02-28T05:24:15.718930Z,usr_0090,signup,/page/profile,sess_39054,mobile,JP,13270
2026-02-28T06:22:02.718942Z,usr_0036,add_to_cart,/page/home,sess_59130,desktop,DE,3767
2026-03-22T19:44:03.718961Z,usr_0098,add_to_cart,/page/products,sess_16377,desktop,GB,6955
2026-03-27T18:38:36.718973Z,usr_0010,purchase,/page/home,sess_18414,desktop,US,27290
2026-03-01T07:46:54.718984Z,usr_0089,purchase,/page/home,sess_18650,mobile,AU,27600
2026-03-15T19:53:16.719092Z,usr_0021,page_view,/page/cart,sess_25640,mobile,CA,28570
2026-03-16T07:11:57.719106Z,usr_0186,checkout_complete,/page/home,sess_88401,tablet,BR,16963
2026-03-25T00:28:44.719118Z,usr_0028,remove_from_cart,/page/checkout,sess_44356,desktop,FR,22967
2026-03-12T01:12:41.719130Z,usr_0059,search,/page/products,sess_12895,mobile,JP,6494
2026-02-28T22:23:17.719142Z,usr_0067,logout,/page/products,sess_30786,desktop,AU,473
2026-03-16T15:39:25.719154Z,usr_0136,logout,/page/home,sess_44440,desktop,JP,8419
2026-02-27T10:39:16.719165Z,usr_0040,checkout_start,/page/home,sess_15049,tablet,BR,6449
2026-03-13T15:37:53.719177Z,usr_0152,signup,/page/profile,sess_66103,mobile,CA,27257
2026-02-27T04:34:43.719189Z,usr_0092,signup,/page/home,sess_45026,mobile,AU,8932
2026-03-03T00:30:17.719202Z,usr_0161,page_view,/page/home,sess_79208,tablet,BR,8029
2026-03-04T20:41:00.719213Z,usr_0078,logout,/page/profile,sess_47073,mobile,GB,5005
2026-02-26T23:10:17.719225Z,usr_0132,add_to_cart,/page/cart,sess_18053,mobile,GB,6291
2026-03-14T12:25:49.719238Z,usr_0009,checkout_complete,/page/products,sess_46574,mobile,AU,29709
2026-03-27T07:00:21.719250Z,usr_0034,checkout_complete,/page/home,sess_99365,desktop,FR,28985
2026-03-19T04:44:01.719261Z,usr_0153,page_view,/page/profile,sess_10111,mobile,AU,9551
2026-03-18T02:21:33.719273Z,usr_0108,purchase,/page/products,sess_84408,desktop,AU,26932
2026-03-05T18:20:03.719285Z,usr_0145,logout,/page/products,sess_23016,tablet,AU,25687
2026-03-08T01:50:44.719297Z,usr_0108,search,/page/home,sess_26806,tablet,FR,3689
2026-03-05T13:14:14.719309Z,usr_0091,signup,/page/settings,sess_75341,desktop,US,21002
2026-03-15T06:41:17.719321Z,usr_0088,purchase,/page/products,sess_91354,tablet,AU,29146
2026-03-12T02:42:54.719333Z,usr_0112,page_view,/page/products,sess_23687,tablet,AU,26488
2026-03-14T12:56:38.719346Z,usr_0052,remove_from_cart,/page/home,sess_14917,tablet,DE,1990
2026-02-26T18:26:07.719357Z,usr_0146,search,/page/home,sess_65516,tablet,FR,9865
2026-03-10T20:39:05.719369Z,usr_0044,search,/page/cart,sess_92742,mobile,CA,18645
2026-03-23T17:36:08.719381Z,usr_0017,add_to_cart,/page/cart,sess_25961,tablet,GB,26856
2026-03-17T09:11:59.719392Z,usr_0110,checkout_start,/page/home,sess_41624,desktop,DE,19967
2026-03-22T16:12:09.719404Z,usr_0132,signup,/page/profile,sess_34633,desktop,CA,19188
2026-03-27T02:40:16.719415Z,usr_0155,remove_from_cart,/page/products,sess_50838,mobile,DE,19861
2026-03-11T23:20:28.719427Z,usr_0177,add_to_cart,/page/cart,sess_15562,desktop,CA,4127
2026-03-16T04:17:36.719439Z,usr_0114,checkout_complete,/page/home,sess_83112,mobile,FR,23076
2026-03-16T16:22:55.719451Z,usr_0123,logout,/page/products,sess_42863,mobile,AU,29783
2026-03-08T17:56:32.719463Z,usr_0059,purchase,/page/settings,sess_43856,mobile,FR,18814
2026-02-26T12:27:56.719474Z,usr_0075,click,/page/settings,sess_69669,desktop,GB,12020
2026-03-12T15:16:58.719488Z,usr_0142,page_view,/page/settings,sess_48630,desktop,FR,6666
2026-03-16T14:54:39.719504Z,usr_0042,logout,/page/settings,sess_63767,tablet,US,17186
2026-03-10T01:34:44.719515Z,usr_0186,remove_from_cart,/page/settings,sess_94614,mobile,BR,4503
2026-03-09T03:08:48.719527Z,usr_0001,checkout_start,/page/products,sess_62823,tablet,BR,19974
2026-02-26T08:51:56.719608Z,usr_0013,click,/page/home,sess_59935,tablet,BR,23873
2026-02-28T09:31:00.719623Z,usr_0099,checkout_start,/page/settings,sess_88335,mobile,BR,24016
2026-03-03T08:43:41.719635Z,usr_0035,remove_from_cart,/page/checkout,sess_21103,mobile,GB,4356
2026-03-01T12:47:51.719665Z,usr_0118,page_view,/page/profile,sess_86671,desktop,US,21762
2026-03-10T10:31:26.719677Z,usr_0180,remove_from_cart,/page/settings,sess_39877,desktop,AU,281
2026-03-02T10:57:54.719689Z,usr_0047,page_view,/page/cart,sess_64845,mobile,AU,16128
2026-03-10T14:13:05.719701Z,usr_0140,page_view,/page/cart,sess_87542,mobile,GB,21290
2026-03-22T08:12:38.719713Z,usr_0009,add_to_cart,/page/checkout,sess_64613,mobile,BR,26450
2026-03-23T04:35:10.719725Z,usr_0128,purchase,/page/cart,sess_84560,mobile,DE,4896
2026-03-10T09:14:01.719736Z,usr_0062,purchase,/page/cart,sess_29178,tablet,US,1685
2026-03-11T01:17:59.719748Z,usr_0164,purchase,/page/settings,sess_63827,mobile,BR,8145
2026-03-19T18:52:15.719759Z,usr_0124,search,/page/profile,sess_37936,tablet,DE,14932
2026-03-16T11:41:06.719770Z,usr_0079,search,/page/products,sess_67717,desktop,BR,12532
2026-03-04T20:45:38.719782Z,usr_0024,purchase,/page/products,sess_11021,desktop,JP,3442
2026-03-06T14:56:17.719793Z,usr_0012,add_to_cart,/page/cart,sess_44312,desktop,AU,13179
2026-02-28T13:19:21.719804Z,usr_0007,checkout_start,/page/products,sess_87471,tablet,GB,17250
2026-02-28T11:09:18.719816Z,usr_0091,purchase,/page/profile,sess_21333,tablet,AU,13084
2026-03-08T08:21:58.719827Z,usr_0188,signup,/page/cart,sess_95036,desktop,GB,22516
2026-03-01T23:22:02.719839Z,usr_0190,purchase,/page/cart,sess_94013,mobile,BR,27804
2026-03-04T19:36:13.719850Z,usr_0170,search,/page/products,sess_13237,tablet,DE,6809
2026-03-06T09:38:21.719862Z,usr_0145,page_view,/page/profile,sess_69456,mobile,US,12137
2026-03-02T16:02:15.719873Z,usr_0167,page_view,/page/checkout,sess_94849,tablet,US,12226
2026-03-05T22:30:43.719884Z,usr_0081,search,/page/home,sess_25178,tablet,CA,2297
2026-03-12T17:06:59.719896Z,usr_0173,remove_from_cart,/page/profile,sess_29058,desktop,US,7835
2026-03-06T08:21:52.719908Z,usr_0020,signup,/page/home,sess_26273,desktop,FR,21245
2026-03-05T06:36:15.719919Z,usr_0142,purchase,/page/products,sess_71034,mobile,FR,2454
2026-02-26T05:57:41.719938Z,usr_0021,search,/page/products,sess_41574,tablet,AU,27418
2026-03-08T17:47:40.719950Z,usr_0086,remove_from_cart,/page/settings,sess_20788,tablet,BR,10029
2026-03-17T05:17:41.719962Z,usr_0142,checkout_start,/page/products,sess_75642,mobile,BR,14957
2026-03-17T09:26:39.719974Z,usr_0186,remove_from_cart,/page/profile,sess_39814,tablet,JP,4536
2026-03-11T02:37:05.719986Z,usr_0068,checkout_complete,/page/cart,sess_28115,tablet,JP,10950
2026-03-07T16:55:20.720006Z,usr_0030,checkout_start,/page/cart,sess_44204,desktop,AU,20771
2026-03-26T00:07:51.720019Z,usr_0075,purchase,/page/checkout,sess_51056,mobile,FR,1903
2026-03-07T04:53:52.720030Z,usr_0028,checkout_start,/page/home,sess_67491,desktop,DE,87
2026-03-14T13:15:49.720042Z,usr_0027,checkout_complete,/page/cart,sess_56000,mobile,CA,28596
2026-03-02T01:18:57.720053Z,usr_0162,search,/page/products,sess_65126,mobile,GB,29258
2026-03-07T17:54:54.720065Z,usr_0041,checkout_complete,/page/checkout,sess_18754,desktop,AU,2879
2026-03-23T09:49:09.720077Z,usr_0128,search,/page/products,sess_13705,mobile,AU,22160
2026-03-08T22:38:24.720088Z,usr_0095,search,/page/cart,sess_30776,mobile,US,15020
2026-03-02T13:13:30.720100Z,usr_0113,checkout_complete,/page/checkout,sess_63701,mobile,AU,29023
2026-03-18T21:28:10.720112Z,usr_0200,signup,/page/cart,sess_52624,mobile,BR,22687
2026-03-07T03:49:37.720123Z,usr_0165,page_view,/page/settings,sess_51847,desktop,JP,16776
2026-03-11T22:27:26.720135Z,usr_0137,search,/page/profile,sess_20616,desktop,AU,3550
2026-03-15T21:38:39.720146Z,usr_0126,search,/page/products,sess_63311,mobile,FR,29619
2026-03-16T16:47:01.720158Z,usr_0067,remove_from_cart,/page/cart,sess_17387,tablet,FR,9280
2026-03-20T19:52:19.720169Z,usr_0071,signup,/page/products,sess_80875,tablet,AU,6862
2026-03-05T11:37:27.720180Z,usr_0049,remove_from_cart,/page/settings,sess_45259,tablet,DE,4622
2026-03-11T19:26:25.720192Z,usr_0127,page_view,/page/home,sess_85249,mobile,BR,12603
2026-03-14T10:47:30.720204Z,usr_0004,purchase,/page/profile,sess_99207,desktop,CA,13106
2026-03-01T09:11:46.720215Z,usr_0036,add_to_cart,/page/cart,sess_19706,desktop,US,20305
2026-03-06T19:08:44.720227Z,usr_0140,click,/page/settings,sess_76595,desktop,DE,94
2026-03-16T09:04:27.720239Z,usr_0135,click,/page/cart,sess_84250,desktop,DE,26662
2026-03-19T14:39:34.720251Z,usr_0042,checkout_complete,/page/profile,sess_76083,tablet,FR,5292
2026-03-01T01:27:54.720262Z,usr_0166,checkout_complete,/page/cart,sess_17175,tablet,DE,19271
2026-03-10T19:09:34.720274Z,usr_0038,add_to_cart,/page/cart,sess_93219,mobile,FR,533
2026-03-06T22:00:00.720285Z,usr_0172,checkout_complete,/page/profile,sess_89611,tablet,FR,11615
2026-02-28T00:26:41.720297Z,usr_0139,logout,/page/home,sess_22505,desktop,FR,14949
2026-03-07T20:18:21.720309Z,usr_0144,search,/page/profile,sess_18350,mobile,GB,13554
2026-03-04T05:18:59.720320Z,usr_0048,signup,/page/cart,sess_66734,tablet,GB,20748
2026-03-17T09:50:02.720332Z,usr_0083,page_view,/page/checkout,sess_73040,mobile,GB,28769
2026-03-13T22:16:58.720343Z,usr_0020,checkout_start,/page/settings,sess_88914,desktop,AU,19182
2026-02-26T18:50:16.720355Z,usr_0190,click,/page/settings,sess_95933,mobile,BR,20068
2026-03-03T17:43:01.720367Z,usr_0124,page_view,/page/products,sess_96918,desktop,GB,16772
2026-03-07T15:48:40.720386Z,usr_0159,remove_from_cart,/page/home,sess_96663,desktop,AU,7455
2026-03-18T07:55:59.720408Z,usr_0005,add_to_cart,/page/cart,sess_67550,mobile,BR,7122
2026-03-01T18:45:07.720427Z,usr_0129,page_view,/page/checkout,sess_39766,desktop,CA,6478
2026-03-23T15:55:30.720446Z,usr_0018,add_to_cart,/page/products,sess_76665,mobile,AU,7056
2026-03-15T18:54:40.720463Z,usr_0102,remove_from_cart,/page/home,sess_46581,mobile,FR,5308
2026-03-01T21:54:19.720487Z,usr_0141,add_to_cart,/page/checkout,sess_13675,tablet,JP,18521
2026-03-20T11:31:54.720746Z,usr_0089,purchase,/page/profile,sess_18296,tablet,AU,18270
2026-03-23T12:58:32.720941Z,usr_0136,click,/page/settings,sess_24345,desktop,DE,9515
2026-03-10T11:40:54.720960Z,usr_0190,search,/page/home,sess_39498,desktop,AU,6819
2026-03-02T19:03:49.720974Z,usr_0196,logout,/page/checkout,sess_31247,tablet,JP,16130
2026-03-02T05:15:19.720987Z,usr_0119,search,/page/profile,sess_90241,tablet,BR,23331
2026-02-28T20:22:12.721018Z,usr_0127,logout,/page/profile,sess_89660,mobile,US,6746
2026-03-13T21:38:10.721032Z,usr_0151,purchase,/page/checkout,sess_76748,tablet,US,13934
2026-03-06T08:07:21.721046Z,usr_0172,page_view,/page/cart,sess_31729,desktop,DE,3906
2026-03-22T12:58:31.721058Z,usr_0032,signup,/page/home,sess_32370,tablet,CA,11862
2026-03-15T22:13:09.721070Z,usr_0037,click,/page/profile,sess_44663,tablet,GB,12654
2026-03-17T10:13:24.721082Z,usr_0140,purchase,/page/settings,sess_97516,tablet,US,23285
2026-02-26T13:51:24.721093Z,usr_0155,add_to_cart,/page/cart,sess_53718,tablet,DE,1646
2026-03-16T10:36:45.721105Z,usr_0144,add_to_cart,/page/cart,sess_23278,mobile,FR,10771
2026-03-24T21:40:38.721116Z,usr_0011,page_view,/page/profile,sess_35774,desktop,DE,27088
2026-03-09T03:23:16.721132Z,usr_0157,page_view,/page/checkout,sess_20784,mobile,US,12406
2026-03-12T19:47:32.721145Z,usr_0083,logout,/page/settings,sess_39393,tablet,US,10388
2026-03-06T20:38:45.721157Z,usr_0141,page_view,/page/profile,sess_66822,desktop,GB,5906
2026-03-25T16:33:59.721168Z,usr_0005,signup,/page/checkout,sess_48024,mobile,CA,27455
2026-03-05T21:50:49.721185Z,usr_0045,search,/page/home,sess_18133,mobile,CA,15185
2026-03-10T00:21:44.721196Z,usr_0179,search,/page/products,sess_53068,mobile,GB,9546
2026-03-16T04:33:15.721208Z,usr_0166,signup,/page/checkout,sess_76395,tablet,FR,25745
2026-03-11T10:17:08.721219Z,usr_0188,click,/page/home,sess_63514,tablet,GB,20200
2026-03-12T15:56:52.721231Z,usr_0126,add_to_cart,/page/profile,sess_23259,tablet,DE,115
2026-03-19T12:27:54.721340Z,usr_0069,signup,/page/checkout,sess_57035,mobile,FR,11649
2026-03-11T22:09:55.721359Z,usr_0073,purchase,/page/products,sess_11854,desktop,FR,1449
2026-03-13T08:18:10.721371Z,usr_0085,add_to_cart,/page/settings,sess_90030,tablet,GB,16280
2026-03-05T20:48:07.721383Z,usr_0094,checkout_start,/page/home,sess_53968,desktop,GB,14084
2026-03-17T00:12:59.721395Z,usr_0055,page_view,/page/products,sess_30981,desktop,JP,14105
2026-03-21T03:01:54.721407Z,usr_0066,logout,/page/profile,sess_16293,tablet,DE,27547
2026-03-09T03:53:56.721418Z,usr_0188,purchase,/page/cart,sess_61320,desktop,DE,13273
2026-02-26T19:39:45.721437Z,usr_0134,purchase,/page/products,sess_79910,tablet,FR,16820
2026-03-26T04:23:57.721449Z,usr_0189,signup,/page/settings,sess_70703,desktop,US,3882
2026-03-21T16:22:58.721461Z,usr_0018,page_view,/page/settings,sess_82657,desktop,BR,2672
2026-02-28T06:11:02.721472Z,usr_0183,purchase,/page/profile,sess_57845,mobile,AU,13868
2026-03-05T12:39:08.721484Z,usr_0075,purchase,/page/checkout,sess_13996,tablet,GB,17786
2026-03-19T09:43:13.721496Z,usr_0050,search,/page/cart,sess_17856,mobile,JP,866
2026-03-24T04:09:13.721507Z,usr_0033,click,/page/profile,sess_26308,desktop,JP,21438
2026-03-23T23:13:17.721519Z,usr_0085,logout,/page/settings,sess_49508,mobile,AU,5713
2026-03-26T08:14:28.721530Z,usr_0141,add_to_cart,/page/home,sess_48487,tablet,GB,10999
2026-03-24T20:05:02.721545Z,usr_0040,click,/page/cart,sess_22946,desktop,JP,1975
2026-03-02T00:52:19.721559Z,usr_0157,purchase,/page/home,sess_95061,desktop,CA,28027
2026-03-22T05:59:10.721570Z,usr_0100,checkout_start,/page/products,sess_75211,desktop,US,22274
2026-03-23T01:57:46.721582Z,usr_0050,purchase,/page/cart,sess_69988,tablet,GB,2037
2026-03-10T14:54:04.721594Z,usr_0118,remove_from_cart,/page/settings,sess_19530,desktop,BR,3606
2026-03-03T03:04:49.721606Z,usr_0084,page_view,/page/home,sess_10215,desktop,BR,26165
2026-03-16T15:16:01.721617Z,usr_0193,logout,/page/products,sess_22076,desktop,BR,12264
2026-03-27T12:15:26.721629Z,usr_0068,search,/page/products,sess_96135,desktop,GB,11501
2026-03-13T06:49:48.721641Z,usr_0177,logout,/page/profile,sess_36945,tablet,CA,7437
2026-03-14T19:07:11.721689Z,usr_0054,page_view,/page/cart,sess_79554,desktop,JP,16214
2026-03-19T08:11:46.721701Z,usr_0177,click,/page/cart,sess_84554,mobile,CA,300
2026-03-27T08:33:18.721713Z,usr_0173,logout,/page/checkout,sess_64167,desktop,FR,21449
2026-02-27T16:35:53.721724Z,usr_0131,purchase,/page/checkout,sess_92356,mobile,DE,13369
2026-03-20T23:45:13.721736Z,usr_0068,signup,/page/home,sess_23680,desktop,US,11990
2026-03-15T04:40:42.721748Z,usr_0106,signup,/page/home,sess_86682,tablet,DE,21632
2026-03-09T05:00:12.721759Z,usr_0040,search,/page/settings,sess_88208,mobile,CA,9860
2026-03-10T10:00:53.721771Z,usr_0093,signup,/page/checkout,sess_58852,mobile,US,3797
2026-03-27T12:32:02.721783Z,usr_0010,checkout_start,/page/cart,sess_93561,mobile,AU,15485
2026-03-05T16:31:01.721794Z,usr_0016,signup,/page/home,sess_75324,desktop,CA,25966
2026-03-10T05:05:18.721806Z,usr_0151,logout,/page/profile,sess_95001,desktop,AU,2633
2026-03-25T05:16:47.721818Z,usr_0093,checkout_start,/page/products,sess_20925,tablet,FR,17708
2026-03-11T13:11:36.721829Z,usr_0155,purchase,/page/checkout,sess_58937,tablet,CA,13678
2026-03-03T11:12:04.721841Z,usr_0092,page_view,/page/home,sess_44758,mobile,CA,4687
2026-02-25T21:40:03.721853Z,usr_0129,signup,/page/checkout,sess_95185,desktop,AU,2650
2026-03-07T00:51:44.721865Z,usr_0105,remove_from_cart,/page/home,sess_79410,tablet,GB,3064
2026-03-11T05:24:58.721877Z,usr_0011,checkout_complete,/page/profile,sess_36350,mobile,CA,18695
2026-03-06T02:37:21.721889Z,usr_0119,purchase,/page/home,sess_12937,mobile,FR,4791
2026-03-21T13:55:11.721901Z,usr_0041,checkout_start,/page/profile,sess_42511,desktop,AU,2684
2026-03-03T07:22:30.721912Z,usr_0003,click,/page/cart,sess_26614,tablet,GB,10531
2026-03-24T02:24:04.721924Z,usr_0153,logout,/page/settings,sess_70844,mobile,US,26861
2026-03-15T10:53:50.721935Z,usr_0111,click,/page/profile,sess_83613,desktop,AU,5683
2026-03-26T16:13:22.721947Z,usr_0150,signup,/page/settings,sess_76613,tablet,BR,7604
2026-03-20T19:07:30.721959Z,usr_0133,click,/page/settings,sess_64720,desktop,DE,4303
2026-03-09T02:03:41.721971Z,usr_0024,page_view,/page/settings,sess_90391,tablet,GB,24611
2026-03-03T06:46:54.721983Z,usr_0116,signup,/page/cart,sess_50881,mobile,AU,19615
2026-03-24T17:34:04.721994Z,usr_0044,page_view,/page/home,sess_85220,desktop,DE,13424
2026-03-06T12:21:08.722016Z,usr_0035,logout,/page/profile,sess_61556,mobile,US,22423
2026-03-26T05:20:31.722028Z,usr_0028,logout,/page/settings,sess_61697,desktop,US,22294
2026-03-26T10:50:41.722039Z,usr_0185,purchase,/page/settings,sess_67426,desktop,AU,12615
2026-03-02T00:23:20.722051Z,usr_0029,click,/page/profile,sess_75713,desktop,FR,20512
2026-03-24T06:05:25.722063Z,usr_0116,search,/page/cart,sess_29131,tablet,CA,28131
2026-03-05T02:32:36.722074Z,usr_0166,click,/page/home,sess_80657,desktop,FR,1954
2026-03-17T06:12:06.722086Z,usr_0138,page_view,/page/profile,sess_54481,mobile,US,12539
2026-03-16T10:47:50.722097Z,usr_0071,logout,/page/cart,sess_13007,desktop,DE,28073
2026-03-16T06:38:53.722108Z,usr_0190,checkout_complete,/page/cart,sess_85209,tablet,DE,8286
2026-03-01T03:59:21.722120Z,usr_0146,checkout_start,/page/products,sess_64450,tablet,US,2290
2026-02-26T01:26:02.722131Z,usr_0078,logout,/page/checkout,sess_73963,mobile,CA,23821
2026-03-08T13:11:28.722143Z,usr_0165,signup,/page/checkout,sess_70151,tablet,BR,3485
2026-03-12T02:57:47.722156Z,usr_0194,page_view,/page/settings,sess_12328,tablet,JP,17233
2026-03-27T01:19:22.722167Z,usr_0170,remove_from_cart,/page/profile,sess_54123,desktop,US,6251
2026-03-18T23:00:09.722179Z,usr_0179,purchase,/page/cart,sess_56803,mobile,DE,13986
2026-03-12T12:44:05.722191Z,usr_0031,checkout_complete,/page/home,sess_75641,mobile,AU,5891
2026-03-15T14:37:08.722202Z,usr_0193,remove_from_cart,/page/cart,sess_71849,desktop,JP,9765
2026-03-26T05:42:25.722214Z,usr_0056,checkout_complete,/page/profile,sess_60275,desktop,AU,24071
2026-03-12T15:25:43.722225Z,usr_0105,checkout_start,/page/products,sess_91838,desktop,AU,23015
2026-03-05T23:34:59.722237Z,usr_0014,checkout_complete,/page/settings,sess_10585,tablet,US,19623
2026-03-15T00:34:18.722249Z,usr_0012,checkout_complete,/page/home,sess_52369,desktop,US,15515
2026-03-06T08:20:48.722264Z,usr_0111,checkout_start,/page/home,sess_82060,desktop,US,23649
2026-03-27T09:09:18.722276Z,usr_0007,checkout_start,/page/profile,sess_26465,desktop,BR,18105
2026-03-24T02:10:18.722288Z,usr_0125,checkout_start,/page/checkout,sess_86854,tablet,BR,29323
2026-03-21T05:53:24.722300Z,usr_0058,search,/page/home,sess_71083,mobile,CA,25239
2026-03-08T09:41:10.722312Z,usr_0048,logout,/page/home,sess_47540,tablet,AU,7816
2026-03-23T00:50:24.722323Z,usr_0039,purchase,/page/cart,sess_54998,mobile,CA,3592
2026-03-10T06:11:22.722335Z,usr_0124,signup,/page/cart,sess_13378,tablet,FR,10112
2026-03-07T08:25:35.722347Z,usr_0150,checkout_start,/page/checkout,sess_91389,tablet,GB,16135
2026-03-13T07:37:19.722359Z,usr_0124,logout,/page/cart,sess_90037,mobile,CA,29866
2026-03-05T17:24:11.722370Z,usr_0041,remove_from_cart,/page/profile,sess_60204,desktop,GB,19343
2026-03-15T02:43:53.722382Z,usr_0156,click,/page/settings,sess_90315,tablet,JP,27066
2026-03-03T00:45:12.722393Z,usr_0153,click,/page/settings,sess_40748,tablet,GB,27102
2026-03-12T23:31:37.722405Z,usr_0010,signup,/page/cart,sess_91581,tablet,JP,5075
2026-03-09T11:58:55.722416Z,usr_0188,signup,/page/home,sess_99237,desktop,BR,12143
2026-03-08T08:50:02.722428Z,usr_0164,add_to_cart,/page/home,sess_77167,desktop,AU,24901
2026-03-01T14:07:45.722439Z,usr_0038,add_to_cart,/page/checkout,sess_20555,mobile,CA,27293
2026-03-15T20:27:46.722451Z,usr_0022,add_to_cart,/page/profile,sess_55397,desktop,CA,19912
2026-03-14T22:47:06.722463Z,usr_0085,checkout_complete,/page/home,sess_12364,tablet,GB,2933
2026-02-27T00:26:17.722475Z,usr_0096,add_to_cart,/page/home,sess_16900,desktop,AU,4885
2026-03-09T14:59:21.722528Z,usr_0158,purchase,/page/products,sess_50458,mobile,FR,18729
2026-03-25T16:42:19.722543Z,usr_0127,logout,/page/products,sess_57360,mobile,GB,29472
2026-03-06T06:35:27.722555Z,usr_0020,remove_from_cart,/page/products,sess_59077,mobile,DE,28675
2026-03-02T19:07:06.722567Z,usr_0090,logout,/page/cart,sess_45862,tablet,US,2041
2026-03-11T07:05:27.722578Z,usr_0082,remove_from_cart,/page/settings,sess_82442,tablet,JP,10735
2026-03-02T02:54:55.722590Z,usr_0150,search,/page/profile,sess_42684,mobile,DE,18537
2026-03-16T17:13:01.722602Z,usr_0146,add_to_cart,/page/checkout,sess_15261,tablet,AU,7765
2026-03-01T14:02:34.722614Z,usr_0145,add_to_cart,/page/home,sess_29365,mobile,BR,6682
2026-03-20T00:22:28.722626Z,usr_0111,logout,/page/profile,sess_66363,desktop,JP,4308
2026-02-26T18:50:04.722637Z,usr_0150,click,/page/cart,sess_22130,mobile,GB,14464
2026-03-14T13:07:15.722669Z,usr_0020,click,/page/home,sess_25025,mobile,BR,1596
2026-03-05T06:43:01.722681Z,usr_0086,logout,/page/products,sess_82222,mobile,AU,27821
2026-03-11T20:59:20.722694Z,usr_0196,purchase,/page/home,sess_96545,desktop,GB,7848
2026-03-05T15:35:03.722705Z,usr_0040,checkout_start,/page/cart,sess_72119,desktop,DE,14047
2026-03-12T00:48:48.722717Z,usr_0200,logout,/page/settings,sess_81983,mobile,AU,26303
2026-03-12T20:44:34.722728Z,usr_0176,checkout_start,/page/home,sess_96544,tablet,US,1573
2026-03-13T04:46:02.722740Z,usr_0124,remove_from_cart,/page/home,sess_87918,mobile,FR,1286
2026-03-05T00:23:58.722752Z,usr_0033,add_to_cart,/page/profile,sess_73046,tablet,DE,12809
2026-03-03T03:00:04.722763Z,usr_0199,remove_from_cart,/page/cart,sess_41476,tablet,BR,27446
2026-03-03T15:12:22.722775Z,usr_0129,checkout_start,/page/products,sess_70465,tablet,BR,24681
2026-02-27T10:50:59.722787Z,usr_0168,add_to_cart,/page/checkout,sess_38501,tablet,GB,28274
2026-02-27T20:51:13.722799Z,usr_0058,checkout_start,/page/products,sess_15607,tablet,GB,15157
2026-03-22T12:11:28.722811Z,usr_0165,checkout_complete,/page/checkout,sess_14105,tablet,DE,9384
2026-03-27T12:46:20.722823Z,usr_0090,logout,/page/checkout,sess_60252,mobile,US,21682
2026-03-22T04:46:50.722834Z,usr_0103,signup,/page/settings,sess_66885,desktop,GB,18127
2026-03-25T05:55:15.722846Z,usr_0193,purchase,/page/settings,sess_27075,desktop,FR,13110
2026-03-05T23:41:09.722857Z,usr_0196,checkout_start,/page/profile,sess_43925,desktop,JP,23367
2026-03-24T12:55:41.722870Z,usr_0141,remove_from_cart,/page/products,sess_68156,desktop,BR,13989
2026-03-14T01:55:09.722882Z,usr_0041,checkout_complete,/page/home,sess_56039,desktop,FR,5080
2026-03-22T19:32:00.722894Z,usr_0085,click,/page/checkout,sess_96559,mobile,FR,1705
2026-03-18T14:53:06.722906Z,usr_0109,purchase,/page/products,sess_22130,tablet,GB,16920
2026-03-19T00:32:41.722918Z,usr_0126,checkout_start,/page/profile,sess_56298,tablet,US,19721
2026-03-19T08:52:43.722930Z,usr_0132,add_to_cart,/page/home,sess_82789,desktop,FR,10206
2026-03-05T18:44:22.722942Z,usr_0046,click,/page/cart,sess_38739,tablet,JP,14871
2026-03-14T08:05:21.722954Z,usr_0170,logout,/page/products,sess_62031,mobile,US,15231
2026-03-25T03:18:55.722966Z,usr_0066,add_to_cart,/page/checkout,sess_48744,tablet,GB,14152
2026-03-16T14:17:59.722978Z,usr_0092,remove_from_cart,/page/cart,sess_14736,tablet,JP,22177
2026-02-28T11:23:41.722990Z,usr_0146,checkout_start,/page/cart,sess_76778,tablet,FR,21056
2026-03-27T13:06:14.723002Z,usr_0023,add_to_cart,/page/settings,sess_80486,mobile,US,9950
2026-03-04T20:46:49.723023Z,usr_0106,purchase,/page/profile,sess_87924,tablet,GB,29812
2026-03-16T04:22:19.723034Z,usr_0147,remove_from_cart,/page/settings,sess_14560,desktop,FR,370
2026-03-26T01:47:24.723047Z,usr_0045,logout,/page/cart,sess_46040,mobile,FR,11644
2026-02-27T21:03:08.723059Z,usr_0155,page_view,/page/settings,sess_47222,tablet,GB,25845
2026-03-26T20:17:12.723071Z,usr_0195,page_view,/page/home,sess_73153,mobile,DE,16774
2026-03-19T08:13:30.723083Z,usr_0122,logout,/page/settings,sess_34138,tablet,FR,14366
2026-03-12T11:15:55.723095Z,usr_0005,remove_from_cart,/page/checkout,sess_15240,tablet,DE,927
2026-03-11T13:30:08.723108Z,usr_0017,checkout_complete,/page/settings,sess_69459,desktop,CA,15358
2026-03-02T04:00:18.723121Z,usr_0085,checkout_complete,/page/checkout,sess_25238,tablet,AU,18596
2026-03-10T02:22:00.723132Z,usr_0139,checkout_complete,/page/checkout,sess_62051,tablet,GB,22534
2026-03-16T03:28:13.723145Z,usr_0169,checkout_start,/page/products,sess_55983,tablet,FR,7019
2026-03-10T06:38:22.723157Z,usr_0039,remove_from_cart,/page/settings,sess_66326,desktop,DE,14348
2026-03-07T00:17:07.723169Z,usr_0094,checkout_complete,/page/cart,sess_78250,mobile,JP,7817
2026-03-10T08:28:02.723181Z,usr_0081,signup,/page/cart,sess_28885,desktop,CA,685
2026-03-06T15:41:36.723193Z,usr_0036,search,/page/home,sess_38922,mobile,JP,26932
2026-03-13T04:17:13.723204Z,usr_0118,signup,/page/profile,sess_62394,mobile,BR,9803
2026-02-27T21:50:45.723216Z,usr_0023,purchase,/page/home,sess_53353,mobile,DE,25021
2026-03-08T21:39:01.723228Z,usr_0124,logout,/page/cart,sess_13682,desktop,FR,3099
2026-03-10T21:43:56.723240Z,usr_0009,signup,/page/products,sess_76555,desktop,GB,11582
2026-03-06T03:43:05.723252Z,usr_0146,click,/page/products,sess_72537,tablet,US,6949
2026-03-11T11:32:14.723264Z,usr_0193,signup,/page/home,sess_31724,tablet,DE,27119
2026-03-13T15:04:34.723275Z,usr_0140,signup,/page/checkout,sess_51545,desktop,DE,6604
2026-03-05T14:27:58.723287Z,usr_0010,signup,/page/cart,sess_53017,mobile,GB,20567
2026-03-09T03:04:39.723300Z,usr_0127,checkout_complete,/page/settings,sess_21755,mobile,GB,14697
2026-03-04T21:39:15.723312Z,usr_0043,click,/page/home,sess_57230,tablet,FR,16499
2026-03-15T22:15:42.723324Z,usr_0186,checkout_start,/page/checkout,sess_39458,desktop,FR,185
2026-03-02T08:35:59.723336Z,usr_0162,checkout_start,/page/settings,sess_55816,tablet,CA,16176
2026-03-18T06:32:49.723348Z,usr_0103,search,/page/products,sess_99185,mobile,GB,29473
2026-03-16T02:31:29.723360Z,usr_0033,click,/page/home,sess_31088,mobile,DE,22287
2026-03-26T05:48:21.723372Z,usr_0186,add_to_cart,/page/home,sess_10804,tablet,GB,723
2026-02-26T10:41:14.723384Z,usr_0148,signup,/page/settings,sess_12952,tablet,DE,16179
2026-03-25T10:32:19.723395Z,usr_0171,page_view,/page/products,sess_27980,desktop,AU,10675
2026-03-15T13:44:11.723407Z,usr_0200,purchase,/page/products,sess_35265,mobile,CA,14139
2026-03-24T22:44:52.723419Z,usr_0103,page_view,/page/cart,sess_81007,desktop,BR,12355
2026-03-02T19:38:58.723431Z,usr_0036,checkout_start,/page/home,sess_25531,mobile,GB,2800
2026-03-22T08:39:41.723442Z,usr_0174,logout,/page/settings,sess_26058,desktop,CA,6907
2026-03-25T08:44:42.723454Z,usr_0100,logout,/page/home,sess_50665,tablet,JP,15545
2026-03-19T16:12:14.723467Z,usr_0106,logout,/page/profile,sess_68026,mobile,GB,419
2026-03-23T20:46:50.723479Z,usr_0063,checkout_start,/page/home,sess_87420,mobile,DE,25854
2026-03-06T08:43:59.723490Z,usr_0164,signup,/page/checkout,sess_13825,tablet,JP,19912
2026-03-11T12:30:50.723502Z,usr_0199,purchase,/page/cart,sess_56433,desktop,CA,7361
2026-03-20T22:59:04.723513Z,usr_0162,purchase,/page/products,sess_48492,mobile,AU,13561
2026-03-27T15:10:03.723525Z,usr_0075,logout,/page/profile,sess_14022,desktop,FR,8326
2026-03-20T13:09:02.723537Z,usr_0012,purchase,/page/profile,sess_85016,mobile,CA,29347
2026-03-21T15:10:55.723549Z,usr_0128,remove_from_cart,/page/settings,sess_93916,tablet,DE,22048
2026-03-16T22:55:10.723561Z,usr_0034,search,/page/checkout,sess_18588,mobile,AU,3663
2026-02-25T23:13:40.723573Z,usr_0090,page_view,/page/checkout,sess_22968,desktop,JP,28520
2026-03-27T07:27:55.723585Z,usr_0143,click,/page/checkout,sess_88165,desktop,DE,17374
2026-02-28T05:01:56.723597Z,usr_0144,click,/page/profile,sess_20270,desktop,FR,16505
2026-03-14T18:36:36.723609Z,usr_0013,signup,/page/cart,sess_39563,desktop,BR,22717
2026-03-24T09:27:16.723621Z,usr_0106,checkout_start,/page/checkout,sess_64156,mobile,BR,26206
2026-03-22T08:32:09.723634Z,usr_0196,checkout_complete,/page/profile,sess_49200,tablet,GB,18693
2026-03-10T22:09:52.723696Z,usr_0090,signup,/page/profile,sess_32338,tablet,JP,29570
2026-03-05T12:10:16.723711Z,usr_0137,add_to_cart,/page/checkout,sess_71942,mobile,DE,23465
2026-03-13T04:19:04.723724Z,usr_0061,click,/page/cart,sess_15011,tablet,DE,2377
2026-03-04T06:05:48.723736Z,usr_0056,checkout_complete,/page/settings,sess_99121,mobile,JP,18929
2026-03-20T08:22:37.723748Z,usr_0089,logout,/page/settings,sess_70839,desktop,JP,20919
2026-02-28T03:37:15.723760Z,usr_0016,logout,/page/cart,sess_65053,tablet,CA,29468
2026-03-11T05:16:53.723771Z,usr_0126,purchase,/page/checkout,sess_82310,mobile,BR,840
2026-03-14T16:56:36.723783Z,usr_0131,purchase,/page/settings,sess_25623,mobile,US,16454
2026-03-09T14:10:20.723795Z,usr_0079,purchase,/page/products,sess_62278,desktop,BR,25341
2026-03-21T18:47:49.723807Z,usr_0165,logout,/page/checkout,sess_89525,desktop,US,12877
2026-03-16T22:48:50.723819Z,usr_0102,checkout_complete,/page/settings,sess_65422,desktop,DE,21540
2026-03-11T18:47:57.723831Z,usr_0004,remove_from_cart,/page/products,sess_16134,desktop,CA,19324
2026-03-22T00:58:25.723843Z,usr_0039,page_view,/page/settings,sess_79967,mobile,US,23796
2026-03-10T10:00:30.723855Z,usr_0032,purchase,/page/home,sess_16773,desktop,AU,29956
2026-03-12T14:07:20.723867Z,usr_0024,checkout_start,/page/checkout,sess_87852,tablet,AU,29478
2026-03-19T09:18:12.723878Z,usr_0113,click,/page/cart,sess_84621,mobile,US,21611
2026-03-10T01:38:30.723891Z,usr_0063,checkout_complete,/page/cart,sess_70215,desktop,DE,28029
2026-03-02T17:49:13.723903Z,usr_0082,search,/page/products,sess_95741,tablet,FR,5959
2026-03-05T20:44:01.723915Z,usr_0143,remove_from_cart,/page/products,sess_52160,mobile,FR,22023
2026-02-28T04:42:44.723927Z,usr_0106,click,/page/settings,sess_48716,desktop,FR,16799
2026-03-08T11:23:44.723938Z,usr_0067,page_view,/page/products,sess_15347,tablet,DE,10640
2026-03-04T09:27:54.723950Z,usr_0014,purchase,/page/profile,sess_67028,tablet,GB,13681
2026-03-07T20:05:59.723962Z,usr_0124,checkout_complete,/page/cart,sess_33003,mobile,GB,15770
2026-03-22T01:16:47.723975Z,usr_0112,signup,/page/checkout,sess_30677,desktop,US,12884
2026-02-28T15:58:51.723987Z,usr_0140,remove_from_cart,/page/products,sess_84555,desktop,GB,2720
2026-03-21T16:40:52.723999Z,usr_0084,checkout_start,/page/settings,sess_18588,desktop,FR,1032
2026-02-26T13:07:30.724022Z,usr_0159,add_to_cart,/page/cart,sess_97926,tablet,BR,25211
2026-02-28T03:20:51.724034Z,usr_0036,remove_from_cart,/page/cart,sess_85001,tablet,DE,15295
2026-03-15T08:39:50.724046Z,usr_0116,remove_from_cart,/page/profile,sess_22064,mobile,DE,21792
2026-02-27T03:45:25.724058Z,usr_0018,checkout_complete,/page/profile,sess_96464,tablet,BR,8658
2026-03-22T09:24:50.724071Z,usr_0071,checkout_complete,/page/products,sess_55046,mobile,BR,18849
2026-03-17T07:58:39.724094Z,usr_0009,checkout_complete,/page/products,sess_37510,tablet,FR,17456
2026-03-14T17:02:42.724106Z,usr_0171,logout,/page/checkout,sess_76109,tablet,CA,17173
2026-03-03T18:33:28.724118Z,usr_0012,add_to_cart,/page/settings,sess_97176,desktop,JP,15456
2026-03-25T11:43:32.724130Z,usr_0064,page_view,/page/profile,sess_18757,mobile,FR,12126
2026-03-17T15:25:23.724142Z,usr_0135,checkout_start,/page/products,sess_27847,desktop,US,28507
2026-03-19T12:23:34.724154Z,usr_0195,purchase,/page/checkout,sess_28469,tablet,DE,7210
2026-03-05T02:41:04.724166Z,usr_0024,checkout_complete,/page/checkout,sess_61332,desktop,GB,25784
2026-03-24T18:10:04.724178Z,usr_0051,remove_from_cart,/page/cart,sess_94482,mobile,FR,3861
2026-03-25T07:54:10.724190Z,usr_0130,checkout_complete,/page/settings,sess_49533,mobile,DE,10337
2026-02-28T19:44:10.724202Z,usr_0047,checkout_start,/page/settings,sess_55467,mobile,FR,18850
2026-03-19T07:50:32.724214Z,usr_0057,remove_from_cart,/page/cart,sess_41576,mobile,BR,12844
2026-03-26T23:41:57.724226Z,usr_0011,checkout_start,/page/home,sess_35076,mobile,AU,660
2026-03-01T15:35:22.724238Z,usr_0106,page_view,/page/cart,sess_12151,mobile,FR,190
2026-03-24T08:57:08.724251Z,usr_0148,checkout_complete,/page/checkout,sess_57173,mobile,BR,3613
2026-03-12T23:19:59.724264Z,usr_0152,click,/page/products,sess_87252,desktop,GB,28298
2026-03-24T23:21:21.724275Z,usr_0142,checkout_start,/page/checkout,sess_32288,mobile,AU,6658
2026-03-02T03:21:10.724287Z,usr_0143,logout,/page/profile,sess_24584,tablet,DE,11210
2026-03-03T16:54:59.724299Z,usr_0076,page_view,/page/products,sess_84917,tablet,US,18807
2026-02-26T20:10:38.724311Z,usr_0046,purchase,/page/profile,sess_61320,tablet,CA,11531
2026-03-06T23:09:12.724323Z,usr_0159,remove_from_cart,/page/cart,sess_66109,tablet,GB,29927
2026-03-20T10:51:18.724336Z,usr_0145,signup,/page/products,sess_64048,desktop,FR,29928
2026-03-03T15:52:56.724347Z,usr_0176,add_to_cart,/page/profile,sess_23940,mobile,CA,18160
2026-03-24T14:44:27.724359Z,usr_0119,search,/page/settings,sess_64475,mobile,DE,1153
2026-03-16T18:46:04.724371Z,usr_0035,page_view,/page/profile,sess_55911,mobile,FR,7915
2026-03-23T05:26:25.724383Z,usr_0025,checkout_start,/page/checkout,sess_33339,desktop,JP,2694
2026-03-04T05:07:59.724394Z,usr_0160,page_view,/page/profile,sess_69386,desktop,DE,3879
2026-02-26T08:15:33.724406Z,usr_0016,page_view,/page/settings,sess_44711,desktop,JP,6453
2026-03-07T08:11:46.724418Z,usr_0144,purchase,/page/profile,sess_17799,tablet,CA,11691
2026-03-06T20:20:32.724430Z,usr_0090,remove_from_cart,/page/profile,sess_54492,desktop,FR,2423
2026-03-12T14:22:08.724441Z,usr_0122,remove_from_cart,/page/home,sess_15716,tablet,AU,7230
2026-03-08T15:52:03.724453Z,usr_0184,search,/page/products,sess_95588,tablet,CA,9975
2026-03-20T05:21:56.724465Z,usr_0094,signup,/page/profile,sess_96725,tablet,DE,24079
2026-03-11T03:32:41.724476Z,usr_0069,logout,/page/checkout,sess_40516,mobile,JP,7803
2026-03-27T05:03:43.724488Z,usr_0119,remove_from_cart,/page/checkout,sess_98500,mobile,CA,12590
2026-02-27T14:17:41.724500Z,usr_0175,add_to_cart,/page/settings,sess_28811,mobile,AU,23535
2026-03-07T10:55:20.724513Z,usr_0148,add_to_cart,/page/cart,sess_95457,tablet,FR,20567
2026-03-14T10:06:39.724524Z,usr_0175,checkout_start,/page/profile,sess_63865,tablet,BR,24078
2026-03-20T17:07:16.724537Z,usr_0042,checkout_start,/page/products,sess_38976,desktop,BR,1602
2026-03-23T03:10:13.724549Z,usr_0118,logout,/page/checkout,sess_79667,tablet,BR,2315
2026-03-26T06:41:21.724560Z,usr_0108,click,/page/home,sess_37989,tablet,US,12029
2026-02-26T10:33:47.724572Z,usr_0085,checkout_complete,/page/home,sess_84177,mobile,GB,437
2026-03-22T03:16:47.724584Z,usr_0034,checkout_complete,/page/cart,sess_95330,tablet,CA,14814
2026-03-08T17:18:52.724595Z,usr_0046,remove_from_cart,/page/checkout,sess_83094,tablet,GB,10299
2026-03-18T05:11:20.724607Z,usr_0019,add_to_cart,/page/profile,sess_14266,tablet,US,28840
2026-03-03T11:07:55.724619Z,usr_0160,signup,/page/home,sess_30050,tablet,CA,940
2026-03-19T05:55:29.724632Z,usr_0189,signup,/page/settings,sess_33428,desktop,BR,19798
2026-03-22T14:49:41.724660Z,usr_0005,click,/page/profile,sess_90174,desktop,DE,259
2026-03-05T13:36:01.724673Z,usr_0166,signup,/page/profile,sess_48546,tablet,FR,7339
2026-03-19T14:12:31.724685Z,usr_0083,signup,/page/profile,sess_73140,mobile,JP,8482
2026-02-28T00:04:13.724697Z,usr_0136,click,/page/cart,sess_25488,mobile,CA,6940
2026-03-04T22:52:02.724709Z,usr_0011,checkout_start,/page/home,sess_17959,tablet,GB,16062
2026-03-14T11:05:41.724721Z,usr_0104,add_to_cart,/page/checkout,sess_95258,tablet,GB,18059
2026-03-06T11:16:06.724733Z,usr_0021,signup,/page/home,sess_99066,tablet,DE,12335
2026-03-24T05:50:46.724745Z,usr_0197,add_to_cart,/page/cart,sess_98507,tablet,GB,3268
2026-03-10T02:55:00.724757Z,usr_0102,search,/page/home,sess_85788,tablet,AU,22929
2026-03-13T18:08:29.724769Z,usr_0152,page_view,/page/settings,sess_48414,mobile,AU,7142
2026-03-23T12:01:27.724781Z,usr_0054,click,/page/checkout,sess_79911,mobile,BR,11669
2026-03-18T17:05:17.724792Z,usr_0165,page_view,/page/checkout,sess_92313,desktop,DE,27643
2026-03-20T15:10:32.724804Z,usr_0103,purchase,/page/checkout,sess_43949,tablet,CA,6804
2026-03-13T18:15:52.724865Z,usr_0109,remove_from_cart,/page/products,sess_59890,tablet,FR,15633
2026-03-10T11:27:32.724879Z,usr_0118,signup,/page/settings,sess_15983,mobile,CA,21209
2026-03-08T23:36:12.724891Z,usr_0003,purchase,/page/profile,sess_77018,tablet,JP,5584
2026-03-09T03:04:01.724903Z,usr_0183,click,/page/settings,sess_66279,tablet,CA,24569
2026-03-08T12:27:13.724915Z,usr_0047,add_to_cart,/page/products,sess_60430,desktop,BR,25172
2026-03-21T17:54:08.724927Z,usr_0191,page_view,/page/cart,sess_93298,desktop,BR,8985
2026-03-24T09:52:32.724939Z,usr_0131,remove_from_cart,/page/home,sess_33813,tablet,BR,25522
2026-03-15T18:51:55.724950Z,usr_0008,remove_from_cart,/page/products,sess_24399,mobile,AU,8564
2026-03-14T01:48:31.724963Z,usr_0180,checkout_start,/page/checkout,sess_17353,desktop,JP,10558
2026-03-26T13:06:13.724975Z,usr_0082,checkout_complete,/page/settings,sess_92143,mobile,JP,24486
2026-03-23T17:52:47.724987Z,usr_0016,remove_from_cart,/page/settings,sess_31506,tablet,BR,13958
2026-03-18T01:22:48.724999Z,usr_0157,page_view,/page/profile,sess_25252,desktop,FR,25616
2026-03-21T10:20:42.725019Z,usr_0196,checkout_start,/page/home,sess_69388,tablet,BR,6380
2026-03-24T22:40:09.725031Z,usr_0107,purchase,/page/settings,sess_61473,desktop,GB,20280
2026-03-09T08:53:24.725044Z,usr_0046,signup,/page/checkout,sess_87015,desktop,CA,5553
2026-03-16T20:33:24.725055Z,usr_0113,logout,/page/products,sess_53973,tablet,FR,5153
2026-03-19T17:59:46.725067Z,usr_0194,remove_from_cart,/page/settings,sess_51539,desktop,GB,8439
2026-03-19T14:16:01.725079Z,usr_0116,click,/page/products,sess_39697,tablet,JP,2144
2026-03-25T11:16:40.725090Z,usr_0037,add_to_cart,/page/products,sess_32273,tablet,US,5978
2026-03-27T03:48:29.725103Z,usr_0011,checkout_complete,/page/cart,sess_81750,mobile,FR,25751
2026-03-07T15:30:16.725115Z,usr_0013,click,/page/profile,sess_17160,tablet,GB,12583
2026-03-27T13:11:03.725126Z,usr_0166,purchase,/page/cart,sess_14486,desktop,BR,1053
2026-03-15T13:21:45.725138Z,usr_0180,page_view,/page/products,sess_85814,desktop,FR,7884
2026-03-20T23:19:17.725150Z,usr_0106,add_to_cart,/page/profile,sess_91142,desktop,FR,14978
2026-03-13T23:02:40.725162Z,usr_0167,logout,/page/home,sess_13068,tablet,BR,19688
2026-03-07T06:27:01.725173Z,usr_0167,add_to_cart,/page/profile,sess_88083,desktop,CA,783
2026-03-13T17:38:42.725185Z,usr_0136,purchase,/page/profile,sess_86649,tablet,BR,29654
2026-03-22T08:01:35.725197Z,usr_0191,logout,/page/products,sess_44563,desktop,DE,3893
2026-03-13T19:11:30.725209Z,usr_0094,checkout_start,/page/profile,sess_90571,desktop,BR,29030
2026-03-12T15:19:06.725221Z,usr_0181,search,/page/profile,sess_56950,desktop,BR,9504
2026-03-12T01:07:14.725232Z,usr_0036,click,/page/profile,sess_77694,desktop,US,13659
2026-03-05T08:30:00.725244Z,usr_0123,signup,/page/home,sess_33015,tablet,CA,21938
2026-03-27T11:24:51.725256Z,usr_0048,remove_from_cart,/page/products,sess_45605,tablet,DE,3322
2026-03-12T13:28:48.725268Z,usr_0003,purchase,/page/profile,sess_38412,tablet,BR,9414
2026-03-20T10:49:31.725280Z,usr_0037,purchase,/page/products,sess_78757,mobile,GB,12862
2026-03-18T09:53:25.725292Z,usr_0176,remove_from_cart,/page/products,sess_26432,mobile,FR,19963
2026-03-15T15:44:15.725303Z,usr_0007,click,/page/profile,sess_18113,tablet,FR,3913
2026-03-04T21:25:21.725315Z,usr_0066,checkout_start,/page/cart,sess_98227,mobile,AU,6687
2026-03-07T09:46:27.725328Z,usr_0175,logout,/page/cart,sess_66040,mobile,US,21401
2026-03-07T04:36:57.725340Z,usr_0016,logout,/page/cart,sess_94449,tablet,GB,28352
2026-03-02T21:07:32.725352Z,usr_0177,search,/page/products,sess_33565,tablet,JP,111
2026-02-28T13:52:10.725364Z,usr_0081,purchase,/page/products,sess_17554,tablet,FR,10260
2026-03-02T14:16:20.725375Z,usr_0063,remove_from_cart,/page/checkout,sess_96100,mobile,US,4936
2026-03-12T22:07:29.725387Z,usr_0122,purchase,/page/settings,sess_83956,desktop,FR,27565
2026-03-10T20:58:54.725399Z,usr_0177,page_view,/page/cart,sess_46816,tablet,BR,13278
2026-03-02T08:50:00.725411Z,usr_0149,page_view,/page/profile,sess_44654,mobile,GB,1825
2026-03-02T12:25:56.725423Z,usr_0173,add_to_cart,/page/home,sess_51027,mobile,GB,10142
2026-02-28T10:28:53.725434Z,usr_0081,page_view,/page/profile,sess_39094,tablet,GB,29779
2026-02-25T22:10:51.725446Z,usr_0144,signup,/page/home,sess_14674,desktop,CA,2673
2026-03-16T13:13:10.725457Z,usr_0142,search,/page/cart,sess_36391,desktop,US,16828
2026-02-26T16:56:27.725469Z,usr_0053,purchase,/page/cart,sess_37826,mobile,DE,8203
2026-03-03T15:07:12.725480Z,usr_0069,search,/page/checkout,sess_71500,mobile,DE,18276
2026-03-11T18:37:55.725491Z,usr_0008,click,/page/products,sess_97860,mobile,AU,24403
2026-03-24T06:20:47.725503Z,usr_0012,checkout_complete,/page/checkout,sess_19280,mobile,FR,7176
2026-03-14T01:41:27.725515Z,usr_0002,purchase,/page/settings,sess_89266,desktop,CA,25215
2026-03-05T05:50:34.725527Z,usr_0017,click,/page/home,sess_14919,mobile,US,10495
2026-02-27T00:49:19.725539Z,usr_0032,add_to_cart,/page/cart,sess_51727,tablet,US,7068
2026-03-15T12:48:28.725550Z,usr_0159,search,/page/profile,sess_98570,desktop,BR,4271
2026-03-03T05:00:32.725562Z,usr_0177,logout,/page/settings,sess_13027,desktop,AU,7375
2026-03-11T20:12:42.725573Z,usr_0175,signup,/page/products,sess_34290,mobile,GB,17577
2026-03-05T21:41:24.725585Z,usr_0151,page_view,/page/settings,sess_20364,mobile,DE,5061
2026-03-25T03:41:15.725597Z,usr_0044,signup,/page/products,sess_17707,desktop,GB,19601
2026-03-15T06:37:00.725609Z,usr_0035,signup,/page/home,sess_90297,desktop,US,6302
2026-03-22T17:29:32.725620Z,usr_0005,purchase,/page/products,sess_47704,mobile,AU,4683
2026-03-04T20:19:07.725632Z,usr_0139,search,/page/profile,sess_19071,mobile,GB,5490
2026-02-27T08:32:22.725660Z,usr_0030,checkout_complete,/page/home,sess_48218,desktop,BR,20071
2026-03-14T18:09:35.725672Z,usr_0064,search,/page/settings,sess_17067,tablet,JP,18118
2026-03-27T01:29:42.725683Z,usr_0062,purchase,/page/settings,sess_37595,tablet,CA,18863
2026-03-24T23:29:53.725695Z,usr_0117,checkout_start,/page/settings,sess_71243,mobile,DE,17410
2026-03-12T05:29:16.725707Z,usr_0106,checkout_complete,/page/home,sess_48598,mobile,FR,18082
2026-02-28T12:48:01.725719Z,usr_0114,search,/page/profile,sess_79003,desktop,FR,12578
2026-03-05T00:30:43.725730Z,usr_0190,click,/page/settings,sess_70320,tablet,BR,75
2026-03-23T11:52:32.725742Z,usr_0046,add_to_cart,/page/profile,sess_43945,tablet,CA,13994
2026-03-17T15:56:48.725754Z,usr_0162,checkout_start,/page/profile,sess_51242,desktop,AU,25629
2026-02-26T17:16:17.725767Z,usr_0141,add_to_cart,/page/home,sess_60562,mobile,US,10651
2026-03-21T10:42:39.725778Z,usr_0016,click,/page/checkout,sess_44176,desktop,DE,17315
2026-02-28T01:33:52.725790Z,usr_0122,signup,/page/home,sess_67132,mobile,AU,23000
2026-03-02T10:10:17.725802Z,usr_0111,click,/page/home,sess_93766,desktop,GB,11005
2026-03-04T10:20:32.725813Z,usr_0083,purchase,/page/home,sess_85068,mobile,AU,2913
2026-02-27T10:55:44.725825Z,usr_0100,checkout_start,/page/profile,sess_55732,tablet,US,28803
2026-03-20T11:43:30.725837Z,usr_0137,add_to_cart,/page/cart,sess_67388,desktop,US,7149
2026-03-01T08:15:04.725848Z,usr_0062,logout,/page/settings,sess_45070,mobile,AU,27848
2026-03-24T20:29:37.725860Z,usr_0121,page_view,/page/profile,sess_26777,mobile,FR,23576
2026-03-09T13:19:57.725872Z,usr_0124,purchase,/page/settings,sess_97593,desktop,GB,2246
2026-03-18T15:13:04.725883Z,usr_0036,checkout_start,/page/home,sess_99085,desktop,AU,5899
2026-03-02T04:56:32.725895Z,usr_0142,click,/page/checkout,sess_95566,desktop,AU,11111
2026-03-15T09:11:03.725907Z,usr_0196,checkout_start,/page/settings,sess_36137,tablet,DE,24356
2026-03-20T17:37:58.725919Z,usr_0196,add_to_cart,/page/checkout,sess_64607,mobile,DE,6407
2026-03-24T23:05:57.725931Z,usr_0106,checkout_complete,/page/profile,sess_59019,desktop,FR,17016
2026-03-05T19:59:48.725943Z,usr_0193,add_to_cart,/page/profile,sess_99190,mobile,GB,11074
2026-03-20T19:21:29.725954Z,usr_0062,remove_from_cart,/page/profile,sess_78274,desktop,US,28844
2026-03-06T02:04:49.726013Z,usr_0072,page_view,/page/home,sess_90210,tablet,JP,9803
2026-03-13T14:39:37.726027Z,usr_0147,logout,/page/settings,sess_68334,mobile,US,28923
2026-03-11T19:37:04.726040Z,usr_0072,search,/page/cart,sess_46947,tablet,FR,6798
2026-03-05T10:05:16.726051Z,usr_0190,page_view,/page/cart,sess_46062,tablet,JP,7073
2026-03-19T12:03:02.726063Z,usr_0120,logout,/page/products,sess_53688,desktop,BR,6871
2026-03-16T18:54:38.726075Z,usr_0157,add_to_cart,/page/home,sess_51482,mobile,BR,5937
2026-03-16T17:47:11.726087Z,usr_0074,purchase,/page/settings,sess_68637,tablet,CA,16895
2026-03-06T16:52:35.726099Z,usr_0157,remove_from_cart,/page/settings,sess_97274,tablet,US,8200
2026-03-22T07:23:08.726111Z,usr_0146,remove_from_cart,/page/checkout,sess_24456,mobile,CA,17320
2026-02-25T23:29:25.726123Z,usr_0125,remove_from_cart,/page/home,sess_61695,tablet,JP,18858
2026-03-16T01:03:42.726135Z,usr_0085,page_view,/page/settings,sess_69862,tablet,DE,840
2026-03-17T01:18:08.726147Z,usr_0075,checkout_start,/page/cart,sess_84897,tablet,US,3678
2026-03-24T13:59:27.726159Z,usr_0080,page_view,/page/checkout,sess_41438,tablet,BR,12771
2026-03-05T11:10:07.726171Z,usr_0131,add_to_cart,/page/settings,sess_79380,desktop,BR,2450
2026-03-06T20:35:58.726183Z,usr_0119,checkout_complete,/page/settings,sess_99615,mobile,AU,22162
2026-03-26T04:09:17.726194Z,usr_0123,search,/page/profile,sess_54115,desktop,AU,16517
2026-03-12T17:08:31.726206Z,usr_0198,checkout_complete,/page/products,sess_85750,mobile,GB,6130
2026-03-14T22:57:35.726217Z,usr_0118,signup,/page/settings,sess_90442,mobile,DE,11155
2026-03-25T04:32:57.726229Z,usr_0107,signup,/page/cart,sess_87297,tablet,US,15641
2026-03-09T04:13:42.726240Z,usr_0144,checkout_start,/page/products,sess_94014,desktop,FR,8932
2026-03-23T17:57:24.726252Z,usr_0194,signup,/page/checkout,sess_33743,desktop,FR,3460
2026-02-27T00:40:29.726264Z,usr_0142,click,/page/settings,sess_94310,tablet,US,6325
2026-03-16T08:00:59.726276Z,usr_0130,checkout_complete,/page/home,sess_46879,desktop,GB,12178
2026-03-07T21:24:08.726288Z,usr_0139,search,/page/settings,sess_41230,tablet,US,23437
2026-03-26T18:42:42.726300Z,usr_0184,purchase,/page/checkout,sess_67148,tablet,FR,4233
2026-03-26T13:47:22.726312Z,usr_0013,logout,/page/cart,sess_46991,tablet,BR,6023
2026-03-13T19:52:05.726324Z,usr_0135,add_to_cart,/page/settings,sess_47844,desktop,DE,19757
2026-03-10T07:05:47.726336Z,usr_0069,signup,/page/cart,sess_40967,tablet,DE,28098
2026-03-17T13:24:55.726348Z,usr_0078,page_view,/page/cart,sess_29216,desktop,AU,20499
2026-02-28T01:17:46.726359Z,usr_0124,checkout_complete,/page/settings,sess_46273,desktop,CA,1808
2026-03-17T05:23:35.726371Z,usr_0198,checkout_complete,/page/products,sess_53205,desktop,US,4020
2026-03-08T23:32:37.726383Z,usr_0117,checkout_start,/page/profile,sess_48725,tablet,GB,24099
2026-03-24T10:26:44.726395Z,usr_0084,logout,/page/cart,sess_35062,mobile,JP,17192
2026-03-01T10:42:05.726407Z,usr_0073,add_to_cart,/page/profile,sess_87333,tablet,DE,18314
2026-03-08T22:11:06.726419Z,usr_0199,purchase,/page/checkout,sess_81303,tablet,US,28898
2026-03-11T09:48:01.726431Z,usr_0069,signup,/page/products,sess_16947,desktop,DE,1765
2026-02-28T01:06:31.726443Z,usr_0080,checkout_complete,/page/settings,sess_29612,desktop,DE,24154
2026-03-01T02:50:04.726455Z,usr_0051,search,/page/settings,sess_35436,desktop,FR,4411
2026-03-11T03:52:33.726466Z,usr_0020,signup,/page/cart,sess_77993,mobile,GB,15277
2026-03-07T23:12:02.726478Z,usr_0165,search,/page/settings,sess_24954,desktop,CA,27103
2026-03-13T06:09:13.726490Z,usr_0177,add_to_cart,/page/products,sess_21833,mobile,GB,15381
2026-03-22T04:20:22.726503Z,usr_0093,page_view,/page/cart,sess_57503,mobile,FR,15854
2026-03-04T01:22:51.726515Z,usr_0169,checkout_start,/page/settings,sess_20099,desktop,JP,18790
2026-03-02T14:11:12.726526Z,usr_0189,search,/page/settings,sess_20820,tablet,FR,12328
2026-03-08T17:44:48.726538Z,usr_0192,checkout_start,/page/profile,sess_69110,tablet,BR,23746
2026-03-22T01:30:32.726550Z,usr_0082,logout,/page/profile,sess_73880,tablet,BR,7493
2026-03-26T05:08:51.726561Z,usr_0068,add_to_cart,/page/products,sess_41725,mobile,GB,12102
2026-03-14T08:14:07.726573Z,usr_0173,search,/page/home,sess_42385,mobile,GB,7398
2026-03-26T19:48:46.726585Z,usr_0020,add_to_cart,/page/cart,sess_58694,tablet,US,8474
2026-03-14T21:38:09.726597Z,usr_0119,logout,/page/settings,sess_83657,desktop,JP,21998
2026-03-01T03:50:21.726609Z,usr_0199,logout,/page/cart,sess_17303,desktop,DE,2881
2026-03-07T22:17:39.726621Z,usr_0109,search,/page/cart,sess_75539,tablet,BR,16705
2026-03-18T11:28:00.726633Z,usr_0123,checkout_start,/page/checkout,sess_15632,tablet,BR,9989
2026-03-24T16:46:27.726661Z,usr_0037,page_view,/page/products,sess_55450,mobile,BR,18730
2026-03-17T05:59:31.726673Z,usr_0003,click,/page/profile,sess_52550,tablet,US,20000
2026-03-12T02:15:19.726685Z,usr_0082,checkout_complete,/page/profile,sess_77973,tablet,BR,5792
2026-03-18T07:47:31.726696Z,usr_0181,search,/page/products,sess_79158,tablet,US,10406
2026-03-15T15:01:57.726708Z,usr_0184,page_view,/page/checkout,sess_23044,desktop,DE,4664
2026-03-08T09:00:49.726720Z,usr_0089,page_view,/page/products,sess_95825,mobile,CA,24546
2026-03-11T23:58:31.726732Z,usr_0057,search,/page/home,sess_56913,mobile,DE,2519
2026-03-15T15:12:16.726743Z,usr_0058,signup,/page/products,sess_41004,mobile,US,7709
2026-03-22T18:13:53.726755Z,usr_0088,search,/page/products,sess_13539,desktop,DE,22242
2026-03-22T21:47:54.726766Z,usr_0075,logout,/page/products,sess_29300,desktop,US,4530
2026-03-19T20:37:41.726778Z,usr_0111,purchase,/page/profile,sess_66806,mobile,BR,18876
2026-03-11T22:48:29.726790Z,usr_0022,add_to_cart,/page/cart,sess_39101,tablet,CA,15323
2026-03-14T09:22:32.726802Z,usr_0107,page_view,/page/settings,sess_37431,desktop,AU,3317
2026-03-24T23:55:45.726814Z,usr_0170,add_to_cart,/page/home,sess_63854,desktop,BR,3524
2026-03-03T23:07:47.726825Z,usr_0136,add_to_cart,/page/home,sess_37306,desktop,AU,1315
2026-03-16T03:04:10.726837Z,usr_0163,page_view,/page/cart,sess_32043,mobile,AU,18404
2026-03-19T04:53:43.726848Z,usr_0071,remove_from_cart,/page/settings,sess_42017,mobile,GB,13203
2026-03-10T21:55:50.726860Z,usr_0090,checkout_start,/page/profile,sess_71435,mobile,AU,21202
2026-03-14T01:55:49.726872Z,usr_0139,page_view,/page/checkout,sess_42115,mobile,DE,16472
2026-03-12T00:20:50.726884Z,usr_0037,click,/page/profile,sess_88868,tablet,AU,13142
2026-02-28T09:49:10.726895Z,usr_0154,checkout_start,/page/settings,sess_42371,desktop,DE,11323
2026-03-13T16:39:53.726907Z,usr_0148,remove_from_cart,/page/products,sess_83493,mobile,GB,9554
2026-03-08T03:58:31.726919Z,usr_0153,checkout_start,/page/products,sess_29292,tablet,FR,18581
2026-03-19T14:00:52.726931Z,usr_0162,logout,/page/profile,sess_72846,tablet,AU,29493
2026-03-22T19:22:10.726943Z,usr_0062,remove_from_cart,/page/checkout,sess_47557,mobile,FR,20054
2026-03-12T21:00:52.726954Z,usr_0036,remove_from_cart,/page/home,sess_78036,desktop,BR,6832
2026-03-16T07:41:33.726966Z,usr_0180,add_to_cart,/page/settings,sess_64609,desktop,CA,2083
2026-03-22T13:28:22.726978Z,usr_0007,page_view,/page/profile,sess_62816,mobile,AU,7364
2026-02-26T21:52:46.726989Z,usr_0019,checkout_complete,/page/checkout,sess_51110,tablet,GB,22084
2026-03-25T01:52:59.727001Z,usr_0140,checkout_start,/page/products,sess_76237,tablet,FR,25854
2026-03-09T22:17:06.727019Z,usr_0161,checkout_start,/page/products,sess_71635,desktop,BR,7701
2026-03-01T04:46:51.727031Z,usr_0045,page_view,/page/cart,sess_47029,desktop,CA,16313
2026-03-25T13:43:53.727043Z,usr_0142,add_to_cart,/page/profile,sess_60516,tablet,CA,23326
2026-02-26T05:43:40.727054Z,usr_0031,search,/page/checkout,sess_70852,mobile,AU,8531
2026-03-20T12:22:32.727066Z,usr_0193,signup,/page/cart,sess_55843,tablet,DE,18320
2026-03-01T22:48:14.727077Z,usr_0075,remove_from_cart,/page/profile,sess_84946,mobile,FR,7033
2026-03-23T07:35:48.727090Z,usr_0078,page_view,/page/settings,sess_38962,desktop,AU,19296
2026-03-01T17:14:31.727101Z,usr_0135,purchase,/page/checkout,sess_37667,mobile,FR,6264
2026-03-15T19:09:33.727149Z,usr_0188,signup,/page/profile,sess_81857,desktop,FR,23518
2026-03-19T15:38:39.727162Z,usr_0065,purchase,/page/cart,sess_99031,desktop,CA,17146
2026-03-03T11:47:27.727174Z,usr_0015,click,/page/home,sess_85274,mobile,BR,25956
2026-03-22T02:54:11.727185Z,usr_0028,add_to_cart,/page/profile,sess_38991,mobile,BR,26612
2026-03-23T01:59:35.727201Z,usr_0034,checkout_complete,/page/home,sess_61889,desktop,DE,1147
2026-03-15T13:03:04.727213Z,usr_0195,add_to_cart,/page/cart,sess_41340,tablet,BR,22722
2026-03-02T22:23:57.727224Z,usr_0106,search,/page/settings,sess_24100,desktop,FR,7293
2026-03-01T05:02:57.727236Z,usr_0036,logout,/page/home,sess_86950,desktop,BR,5152
2026-02-27T06:16:09.727248Z,usr_0003,add_to_cart,/page/checkout,sess_92063,desktop,DE,1011
2026-03-12T15:05:08.727260Z,usr_0147,remove_from_cart,/page/products,sess_16910,desktop,CA,23552
2026-02-28T06:18:59.727272Z,usr_0099,checkout_start,/page/home,sess_76283,tablet,US,5965
2026-03-09T21:58:57.727283Z,usr_0084,remove_from_cart,/page/cart,sess_12467,tablet,US,25692
2026-03-19T03:34:39.727295Z,usr_0100,signup,/page/checkout,sess_27320,mobile,FR,28444
2026-03-01T20:23:06.727307Z,usr_0133,signup,/page/profile,sess_65796,desktop,DE,19742
2026-03-16T10:55:30.727319Z,usr_0032,search,/page/home,sess_77123,desktop,US,21689
2026-03-12T14:09:27.727330Z,usr_0171,logout,/page/checkout,sess_16770,tablet,JP,23355
2026-03-14T15:49:21.727342Z,usr_0012,checkout_start,/page/profile,sess_23965,mobile,JP,12265
2026-03-20T04:58:25.727353Z,usr_0159,checkout_complete,/page/home,sess_98018,tablet,JP,7787
2026-03-25T12:03:47.727365Z,usr_0031,purchase,/page/profile,sess_14945,mobile,CA,1322
2026-02-27T23:22:28.727376Z,usr_0021,purchase,/page/products,sess_66493,mobile,GB,17324
2026-03-05T11:14:14.727388Z,usr_0195,checkout_start,/page/settings,sess_52272,tablet,CA,16152
2026-03-15T14:49:01.727400Z,usr_0033,checkout_complete,/page/profile,sess_13363,mobile,GB,28337
2026-03-18T19:09:38.727411Z,usr_0102,add_to_cart,/page/cart,sess_81508,mobile,DE,9595
2026-03-16T21:12:03.727423Z,usr_0082,add_to_cart,/page/checkout,sess_86302,mobile,AU,11458
2026-03-12T04:48:47.727435Z,usr_0091,logout,/page/profile,sess_35174,desktop,AU,22743
2026-03-07T13:24:18.727447Z,usr_0118,remove_from_cart,/page/cart,sess_93049,mobile,AU,9378
2026-03-06T04:29:40.727458Z,usr_0008,checkout_complete,/page/products,sess_58278,desktop,GB,29401
2026-03-04T22:41:56.727470Z,usr_0036,remove_from_cart,/page/profile,sess_54235,mobile,FR,10717
2026-03-07T07:12:16.727482Z,usr_0133,remove_from_cart,/page/products,sess_47015,desktop,AU,6329
2026-03-06T14:35:32.727494Z,usr_0194,click,/page/settings,sess_46717,desktop,DE,13802
2026-02-28T04:19:23.727505Z,usr_0005,signup,/page/profile,sess_50630,mobile,FR,20209
2026-03-04T18:07:56.727517Z,usr_0197,page_view,/page/cart,sess_32422,desktop,FR,29242
2026-03-03T01:00:29.727529Z,usr_0142,logout,/page/home,sess_20356,mobile,FR,27718
2026-03-07T04:33:21.727540Z,usr_0053,logout,/page/products,sess_17962,tablet,FR,29892
2026-03-21T03:57:40.727552Z,usr_0013,page_view,/page/products,sess_84288,tablet,GB,28555
2026-03-26T10:27:49.727564Z,usr_0055,remove_from_cart,/page/cart,sess_82591,mobile,BR,21010
2026-03-13T12:37:27.727575Z,usr_0008,purchase,/page/cart,sess_39941,mobile,US,16570
2026-03-22T16:05:16.727587Z,usr_0074,add_to_cart,/page/checkout,sess_78419,tablet,JP,11127
2026-03-27T10:47:48.727599Z,usr_0163,checkout_complete,/page/checkout,sess_58689,mobile,AU,24551
2026-03-08T13:40:25.727610Z,usr_0184,checkout_start,/page/checkout,sess_46130,mobile,FR,29244
2026-03-03T12:12:15.727622Z,usr_0031,purchase,/page/checkout,sess_39989,desktop,FR,20003
2026-03-07T11:37:25.727633Z,usr_0088,checkout_complete,/page/home,sess_33288,tablet,BR,10529
2026-03-05T11:24:10.727662Z,usr_0145,remove_from_cart,/page/checkout,sess_75657,mobile,US,20401
2026-03-22T00:25:04.727675Z,usr_0123,remove_from_cart,/page/checkout,sess_36391,mobile,BR,6144
2026-03-26T08:02:17.727686Z,usr_0084,signup,/page/checkout,sess_79142,desktop,AU,23955
2026-03-03T22:14:04.727698Z,usr_0034,click,/page/cart,sess_18002,mobile,CA,5458
2026-03-10T22:28:02.727710Z,usr_0172,checkout_start,/page/products,sess_61735,tablet,CA,7321
2026-02-26T20:06:11.727721Z,usr_0104,remove_from_cart,/page/settings,sess_92955,mobile,FR,25607
2026-03-26T11:30:16.727733Z,usr_0090,add_to_cart,/page/cart,sess_51080,mobile,DE,25076
2026-03-23T10:21:37.727745Z,usr_0045,logout,/page/cart,sess_97103,mobile,JP,4019
2026-03-01T10:04:03.727756Z,usr_0169,purchase,/page/settings,sess_73622,tablet,BR,27119
2026-03-23T06:00:53.727768Z,usr_0167,signup,/page/cart,sess_91095,tablet,FR,20587
2026-03-10T14:33:49.727779Z,usr_0144,purchase,/page/products,sess_40208,tablet,DE,576
2026-03-21T21:29:57.727791Z,usr_0191,purchase,/page/profile,sess_61918,desktop,AU,12591
2026-03-13T19:20:19.727802Z,usr_0107,purchase,/page/cart,sess_64499,desktop,AU,9405
2026-03-15T16:31:09.727814Z,usr_0021,search,/page/settings,sess_64419,desktop,US,5784
2026-03-19T13:46:06.727826Z,usr_0116,logout,/page/home,sess_80240,desktop,GB,15643
2026-03-05T11:31:50.727837Z,usr_0051,remove_from_cart,/page/settings,sess_42341,tablet,GB,12926
2026-02-27T16:11:02.727849Z,usr_0166,signup,/page/cart,sess_64062,mobile,BR,20786
2026-03-22T15:08:32.727860Z,usr_0031,add_to_cart,/page/profile,sess_45844,mobile,US,5061
2026-03-25T22:21:31.727872Z,usr_0131,page_view,/page/cart,sess_32233,tablet,US,28683
2026-03-03T02:16:36.727883Z,usr_0191,click,/page/settings,sess_59291,tablet,GB,22260
2026-03-21T06:10:10.727895Z,usr_0028,checkout_complete,/page/checkout,sess_62261,tablet,FR,25356
2026-03-14T23:06:14.727906Z,usr_0078,click,/page/products,sess_99374,desktop,JP,7423
2026-03-23T19:22:54.727918Z,usr_0019,search,/page/settings,sess_68786,tablet,FR,8069
2026-03-15T10:08:48.727929Z,usr_0090,page_view,/page/cart,sess_50918,mobile,DE,8312
2026-03-15T13:15:04.727941Z,usr_0158,checkout_complete,/page/profile,sess_64393,tablet,DE,26424
2026-02-27T13:28:55.727953Z,usr_0026,signup,/page/cart,sess_29579,mobile,BR,15466
2026-03-15T18:23:40.727965Z,usr_0014,page_view,/page/profile,sess_25492,mobile,BR,7370
2026-03-23T07:12:53.727976Z,usr_0084,add_to_cart,/page/settings,sess_60704,desktop,BR,16249
2026-02-26T00:11:41.727988Z,usr_0082,search,/page/settings,sess_17857,mobile,CA,28765
2026-03-12T19:14:48.727999Z,usr_0198,page_view,/page/products,sess_24056,mobile,BR,5990
2026-03-06T19:32:58.728021Z,usr_0115,click,/page/home,sess_41264,mobile,CA,18823
2026-03-20T13:11:17.728032Z,usr_0069,remove_from_cart,/page/settings,sess_75550,mobile,US,23762
2026-03-26T15:51:03.728044Z,usr_0095,checkout_start,/page/products,sess_34491,desktop,JP,12762
2026-02-28T10:59:39.728055Z,usr_0019,purchase,/page/products,sess_49385,tablet,JP,25731
2026-03-20T00:14:29.728067Z,usr_0004,page_view,/page/home,sess_85799,mobile,GB,5323
2026-03-20T07:15:46.728079Z,usr_0152,logout,/page/profile,sess_22782,mobile,GB,8079
2026-03-08T15:54:43.728090Z,usr_0142,checkout_start,/page/checkout,sess_55811,mobile,BR,26758
2026-03-12T19:49:24.728102Z,usr_0102,checkout_start,/page/products,sess_93323,tablet,AU,28709
2026-03-20T23:50:21.728114Z,usr_0126,remove_from_cart,/page/products,sess_56698,mobile,JP,1487
2026-03-07T01:41:34.728126Z,usr_0125,add_to_cart,/page/profile,sess_49971,tablet,JP,27441
2026-03-03T22:36:39.728138Z,usr_0069,checkout_start,/page/home,sess_13682,tablet,JP,24821
2026-03-22T14:15:16.728149Z,usr_0080,page_view,/page/products,sess_36739,mobile,AU,17238
2026-03-02T07:56:47.728161Z,usr_0181,click,/page/products,sess_61312,tablet,AU,25800
2026-03-22T01:46:23.728173Z,usr_0087,search,/page/home,sess_78973,mobile,DE,4023
2026-03-04T07:11:22.728185Z,usr_0058,logout,/page/products,sess_61324,tablet,FR,21315
2026-03-05T06:22:57.728196Z,usr_0096,page_view,/page/profile,sess_95043,tablet,AU,10778
2026-03-06T10:58:53.728208Z,usr_0194,search,/page/checkout,sess_57720,mobile,FR,2466
2026-03-17T06:42:03.728220Z,usr_0119,search,/page/products,sess_15030,tablet,CA,18083
2026-03-13T08:56:14.728232Z,usr_0149,checkout_start,/page/cart,sess_54260,desktop,CA,13237
2026-03-06T03:44:00.728279Z,usr_0048,checkout_start,/page/checkout,sess_89105,desktop,AU,19112
2026-03-26T07:17:15.728293Z,usr_0144,search,/page/products,sess_32147,desktop,FR,20378
2026-03-05T12:02:27.728305Z,usr_0180,checkout_start,/page/cart,sess_77658,desktop,AU,9789
2026-03-25T22:05:35.728317Z,usr_0106,purchase,/page/home,sess_63006,desktop,GB,18643
2026-03-09T18:25:53.728329Z,usr_0093,logout,/page/products,sess_44134,mobile,JP,29253
2026-02-27T00:18:06.728340Z,usr_0106,purchase,/page/products,sess_33965,tablet,GB,8380
2026-03-26T15:56:08.728352Z,usr_0101,logout,/page/home,sess_45387,mobile,BR,28422
2026-02-28T06:02:11.728363Z,usr_0042,checkout_start,/page/home,sess_38346,tablet,CA,20004
2026-03-27T13:41:09.728375Z,usr_0095,logout,/page/profile,sess_55455,mobile,FR,18111
2026-03-08T00:08:17.728387Z,usr_0064,remove_from_cart,/page/cart,sess_96132,mobile,BR,22892
2026-02-28T19:20:37.728399Z,usr_0059,click,/page/checkout,sess_82644,mobile,JP,8232
2026-03-04T01:29:15.728411Z,usr_0041,add_to_cart,/page/profile,sess_45054,tablet,DE,16406
2026-03-15T04:51:17.728422Z,usr_0057,add_to_cart,/page/settings,sess_15435,desktop,JP,28299
2026-03-09T17:50:13.728434Z,usr_0109,remove_from_cart,/page/profile,sess_50686,tablet,GB,15204
2026-03-12T01:28:21.728445Z,usr_0103,click,/page/products,sess_54988,desktop,GB,15237
2026-02-26T07:45:42.728457Z,usr_0152,remove_from_cart,/page/products,sess_65654,mobile,AU,4896
2026-03-27T06:06:20.728469Z,usr_0088,logout,/page/home,sess_13310,mobile,DE,22440
2026-02-28T20:50:41.728480Z,usr_0005,page_view,/page/profile,sess_52038,desktop,US,10880
2026-03-13T23:17:12.728492Z,usr_0033,signup,/page/products,sess_93130,tablet,GB,19026
2026-03-12T14:08:39.728504Z,usr_0032,checkout_start,/page/profile,sess_46498,tablet,JP,9299
2026-03-09T21:41:16.728516Z,usr_0186,logout,/page/products,sess_49640,tablet,FR,25331
2026-03-02T01:46:25.728527Z,usr_0064,click,/page/settings,sess_72307,desktop,DE,992
2026-02-27T17:42:40.728539Z,usr_0112,click,/page/checkout,sess_63565,desktop,FR,12768
2026-03-19T12:39:09.728551Z,usr_0131,click,/page/profile,sess_21262,desktop,AU,29989
2026-03-20T12:54:17.728563Z,usr_0145,checkout_start,/page/profile,sess_76515,mobile,FR,18021
2026-03-13T06:59:31.728575Z,usr_0108,logout,/page/checkout,sess_89080,desktop,AU,596
2026-03-18T22:58:17.728586Z,usr_0122,click,/page/checkout,sess_95569,tablet,DE,26580
2026-02-27T18:31:25.728598Z,usr_0041,page_view,/page/settings,sess_60494,tablet,FR,21681
2026-03-06T18:10:49.728610Z,usr_0059,checkout_start,/page/checkout,sess_44212,tablet,DE,25930
2026-03-13T12:00:03.728622Z,usr_0130,click,/page/products,sess_33470,tablet,US,24235
2026-03-25T03:23:12.728634Z,usr_0126,add_to_cart,/page/cart,sess_60077,mobile,DE,24436
2026-02-28T13:33:47.728661Z,usr_0016,checkout_start,/page/home,sess_62450,mobile,CA,1852
2026-03-26T11:50:29.728674Z,usr_0005,checkout_start,/page/settings,sess_50820,mobile,US,28659
2026-03-19T11:59:49.728685Z,usr_0134,add_to_cart,/page/home,sess_45902,desktop,GB,14441
2026-03-20T16:47:53.728697Z,usr_0037,page_view,/page/profile,sess_87434,mobile,FR,6858
2026-03-14T02:20:31.728708Z,usr_0091,page_view,/page/profile,sess_37712,tablet,DE,7252
2026-03-19T12:00:28.728720Z,usr_0189,purchase,/page/settings,sess_41178,tablet,BR,2412
2026-03-16T13:49:40.728731Z,usr_0184,search,/page/settings,sess_80804,tablet,GB,18604
2026-03-16T06:55:48.728742Z,usr_0018,search,/page/settings,sess_77080,tablet,JP,23725
2026-03-26T16:48:47.728754Z,usr_0109,click,/page/products,sess_75754,mobile,FR,26483
2026-03-24T14:21:04.728765Z,usr_0100,search,/page/cart,sess_87137,desktop,FR,14821
2026-03-13T14:14:25.728777Z,usr_0010,page_view,/page/cart,sess_32298,tablet,US,1325
2026-03-06T10:22:55.728788Z,usr_0078,page_view,/page/settings,sess_81524,mobile,US,26828
2026-03-21T05:57:25.728800Z,usr_0159,remove_from_cart,/page/cart,sess_58345,desktop,JP,22116
2026-03-22T13:44:01.728811Z,usr_0180,click,/page/profile,sess_79915,mobile,FR,17528
2026-02-26T05:38:59.728823Z,usr_0105,signup,/page/settings,sess_67522,mobile,BR,13026
2026-02-28T03:35:13.728834Z,usr_0093,checkout_start,/page/products,sess_46290,desktop,DE,26899
2026-03-10T22:00:31.728846Z,usr_0176,logout,/page/home,sess_54008,desktop,JP,16739
2026-02-28T09:11:47.728858Z,usr_0179,remove_from_cart,/page/home,sess_22330,mobile,BR,27002
2026-03-05T09:30:53.728870Z,usr_0040,page_view,/page/products,sess_68898,desktop,BR,1996
2026-02-26T09:48:17.728881Z,usr_0135,logout,/page/cart,sess_51821,tablet,AU,2083
2026-03-27T00:54:33.728893Z,usr_0032,add_to_cart,/page/checkout,sess_13351,mobile,BR,28781
2026-03-12T01:13:34.728905Z,usr_0126,page_view,/page/settings,sess_20734,tablet,BR,8181
2026-03-03T13:05:20.728916Z,usr_0193,checkout_complete,/page/profile,sess_32649,desktop,AU,8636
2026-02-26T20:33:20.728928Z,usr_0158,page_view,/page/home,sess_96797,desktop,GB,12204
2026-03-22T23:43:17.728939Z,usr_0113,logout,/page/checkout,sess_78386,desktop,DE,356
2026-03-10T18:46:29.728955Z,usr_0197,checkout_complete,/page/home,sess_92291,mobile,GB,5443
2026-03-19T23:01:35.729173Z,usr_0135,purchase,/page/checkout,sess_74106,tablet,BR,1991
2026-03-24T03:53:13.729214Z,usr_0137,purchase,/page/checkout,sess_96296,tablet,JP,28378
2026-03-06T18:08:14.729232Z,usr_0001,click,/page/products,sess_94043,tablet,BR,2343
2026-03-11T08:01:37.729251Z,usr_0060,checkout_start,/page/checkout,sess_64612,mobile,DE,12627
2026-03-09T03:41:22.729270Z,usr_0088,search,/page/settings,sess_22846,tablet,BR,3409
2026-03-12T15:12:39.729285Z,usr_0066,checkout_start,/page/home,sess_57823,tablet,CA,28279
2026-03-02T21:08:29.729297Z,usr_0107,add_to_cart,/page/profile,sess_72453,tablet,BR,20006
2026-03-05T18:35:53.729312Z,usr_0181,signup,/page/cart,sess_22845,tablet,AU,27961
2026-03-27T14:58:18.729324Z,usr_0185,checkout_start,/page/checkout,sess_78949,tablet,CA,9042
2026-03-10T11:21:27.729336Z,usr_0131,signup,/page/products,sess_69365,tablet,GB,24987
2026-03-12T04:27:16.729347Z,usr_0114,checkout_complete,/page/products,sess_87958,tablet,US,11693
2026-02-28T13:38:29.729359Z,usr_0108,logout,/page/cart,sess_98307,desktop,CA,461
2026-03-01T09:23:58.729372Z,usr_0076,remove_from_cart,/page/products,sess_53678,desktop,GB,11811
2026-03-06T00:42:55.729384Z,usr_0114,checkout_start,/page/products,sess_10517,mobile,FR,25792
2026-03-15T14:57:42.729396Z,usr_0036,search,/page/settings,sess_10851,desktop,FR,1994
2026-03-15T19:26:17.729407Z,usr_0191,signup,/page/products,sess_60937,mobile,CA,16105
2026-03-07T23:20:46.729418Z,usr_0052,checkout_complete,/page/settings,sess_19293,tablet,AU,18000
2026-03-13T05:54:53.729430Z,usr_0129,checkout_start,/page/cart,sess_81582,tablet,JP,11058
2026-02-26T11:36:31.729450Z,usr_0163,logout,/page/cart,sess_92218,mobile,CA,21607
2026-03-16T12:36:39.729472Z,usr_0027,add_to_cart,/page/profile,sess_54974,mobile,DE,1381
2026-03-23T08:49:49.729484Z,usr_0140,add_to_cart,/page/profile,sess_76847,desktop,AU,13622
2026-02-26T02:55:29.729496Z,usr_0006,click,/page/checkout,sess_15162,tablet,FR,28559
2026-03-16T23:19:48.729508Z,usr_0120,remove_from_cart,/page/cart,sess_46865,tablet,DE,28376
2026-03-08T22:20:32.729529Z,usr_0037,checkout_complete,/page/cart,sess_49961,desktop,BR,14142
2026-03-04T10:40:17.729541Z,usr_0123,remove_from_cart,/page/settings,sess_29836,desktop,US,10538
2026-03-03T11:37:17.729553Z,usr_0151,logout,/page/products,sess_76730,mobile,US,14982
2026-03-15T04:50:42.729565Z,usr_0037,checkout_complete,/page/profile,sess_25050,tablet,DE,2803
2026-03-18T08:38:18.729577Z,usr_0160,checkout_complete,/page/products,sess_65114,mobile,GB,1794
2026-03-19T10:41:32.729589Z,usr_0094,search,/page/checkout,sess_68176,tablet,US,10164
2026-03-22T01:53:11.729601Z,usr_0043,signup,/page/checkout,sess_83215,tablet,AU,14971
2026-03-19T02:07:52.729613Z,usr_0061,checkout_start,/page/products,sess_90745,desktop,US,26711
2026-03-27T05:53:13.729625Z,usr_0085,purchase,/page/profile,sess_55973,tablet,GB,21460
2026-03-25T05:11:12.729637Z,usr_0101,remove_from_cart,/page/settings,sess_10774,tablet,GB,1755
2026-03-13T01:00:17.729680Z,usr_0188,logout,/page/checkout,sess_40043,tablet,GB,12299
2026-03-27T08:23:12.729772Z,usr_0081,click,/page/settings,sess_42799,desktop,BR,10357
2026-03-17T15:20:09.729789Z,usr_0137,purchase,/page/settings,sess_42904,desktop,BR,19504
2026-03-17T07:16:44.729801Z,usr_0111,checkout_complete,/page/settings,sess_41841,mobile,BR,18427
2026-03-17T00:45:26.729820Z,usr_0012,checkout_complete,/page/cart,sess_46376,mobile,BR,19439
2026-03-07T11:02:16.729837Z,usr_0193,search,/page/cart,sess_43367,mobile,JP,7960
2026-03-10T01:07:28.729849Z,usr_0180,logout,/page/profile,sess_13602,tablet,JP,16887
2026-03-13T16:09:02.729861Z,usr_0189,purchase,/page/checkout,sess_76432,mobile,AU,14274
2026-03-05T12:38:15.729874Z,usr_0173,remove_from_cart,/page/products,sess_69186,tablet,CA,19995
2026-03-12T21:26:01.729886Z,usr_0184,add_to_cart,/page/cart,sess_77154,desktop,FR,16836
2026-03-02T15:21:45.729898Z,usr_0179,search,/page/checkout,sess_41615,mobile,AU,19338
2026-03-05T19:51:53.729910Z,usr_0066,click,/page/profile,sess_39960,desktop,JP,13634
2026-03-27T06:15:14.729922Z,usr_0114,signup,/page/home,sess_35179,tablet,AU,11749
2026-03-13T14:55:50.729934Z,usr_0199,checkout_complete,/page/profile,sess_37371,desktop,FR,9295
2026-03-04T03:13:35.729946Z,usr_0094,checkout_start,/page/products,sess_45880,tablet,GB,555
2026-03-22T20:28:21.729958Z,usr_0147,click,/page/checkout,sess_31055,desktop,AU,5053
2026-03-04T18:11:58.729970Z,usr_0187,search,/page/home,sess_34795,tablet,GB,23047
2026-03-11T06:59:31.729992Z,usr_0038,click,/page/checkout,sess_31240,mobile,US,28770
2026-03-06T17:46:20.730004Z,usr_0009,remove_from_cart,/page/home,sess_93279,mobile,BR,23171
2026-03-10T14:24:50.730016Z,usr_0053,remove_from_cart,/page/products,sess_93611,tablet,FR,10651
2026-03-27T06:33:48.730028Z,usr_0078,logout,/page/products,sess_28567,tablet,AU,12387
2026-03-15T03:15:15.730040Z,usr_0140,signup,/page/settings,sess_31287,tablet,US,14414
2026-03-01T06:00:07.730052Z,usr_0172,remove_from_cart,/page/checkout,sess_71384,mobile,FR,3830
2026-03-27T13:15:27.730065Z,usr_0153,search,/page/cart,sess_73369,desktop,US,14388
2026-03-17T15:20:06.730077Z,usr_0139,page_view,/page/cart,sess_63183,tablet,CA,4689
2026-03-13T18:16:37.730089Z,usr_0130,page_view,/page/checkout,sess_39939,desktop,FR,21116
2026-03-26T11:46:58.730101Z,usr_0056,checkout_start,/page/products,sess_58086,tablet,AU,26627
2026-03-24T21:46:00.730113Z,usr_0059,checkout_complete,/page/products,sess_83035,mobile,GB,26528
2026-03-15T11:41:39.730126Z,usr_0174,search,/page/cart,sess_82486,desktop,AU,11641
2026-03-19T20:33:07.730138Z,usr_0150,checkout_complete,/page/home,sess_29540,desktop,US,10602
2026-03-05T07:34:21.730150Z,usr_0129,purchase,/page/checkout,sess_90518,mobile,FR,9745
2026-03-02T23:54:19.730162Z,usr_0056,search,/page/profile,sess_24845,mobile,CA,13589
2026-03-23T12:55:58.730174Z,usr_0198,click,/page/home,sess_14344,tablet,AU,20031
2026-03-05T00:50:56.730187Z,usr_0110,checkout_start,/page/profile,sess_14334,tablet,AU,132
2026-03-25T18:31:30.730199Z,usr_0159,remove_from_cart,/page/cart,sess_67420,tablet,JP,5915
2026-03-03T10:21:41.730211Z,usr_0150,checkout_start,/page/profile,sess_78821,mobile,FR,8386
2026-03-20T00:08:12.730223Z,usr_0087,add_to_cart,/page/home,sess_74309,desktop,FR,13501
2026-03-07T23:40:50.730239Z,usr_0113,signup,/page/checkout,sess_34109,mobile,US,19420
2026-03-18T18:30:07.730250Z,usr_0031,logout,/page/profile,sess_64670,mobile,JP,15486
2026-03-12T21:18:40.730262Z,usr_0040,checkout_start,/page/checkout,sess_49547,mobile,BR,14657
2026-03-13T05:39:16.730274Z,usr_0139,remove_from_cart,/page/home,sess_40745,desktop,BR,13541
2026-03-21T17:03:36.730286Z,usr_0152,signup,/page/profile,sess_80397,mobile,AU,24161
2026-03-22T02:20:05.730300Z,usr_0006,checkout_start,/page/settings,sess_31694,tablet,GB,24467
2026-03-25T16:51:24.730313Z,usr_0139,purchase,/page/cart,sess_31903,mobile,DE,14547
2026-03-18T10:27:49.730324Z,usr_0095,checkout_complete,/page/checkout,sess_66443,desktop,CA,28011
2026-03-05T19:37:24.730337Z,usr_0108,search,/page/cart,sess_40707,desktop,CA,29861
2026-03-15T06:59:13.730348Z,usr_0164,signup,/page/cart,sess_26158,desktop,DE,19844
2026-03-27T11:27:12.730360Z,usr_0199,page_view,/page/profile,sess_18952,mobile,AU,11494
2026-03-05T02:27:23.730372Z,usr_0035,page_view,/page/home,sess_37031,desktop,CA,16527
2026-03-18T06:07:16.730383Z,usr_0104,search,/page/checkout,sess_97864,tablet,US,5278
2026-03-03T20:36:24.730395Z,usr_0115,page_view,/page/settings,sess_88135,desktop,BR,6808
2026-03-20T03:31:36.730406Z,usr_0191,checkout_start,/page/settings,sess_52132,tablet,US,2693
2026-03-17T15:42:45.730419Z,usr_0106,checkout_complete,/page/settings,sess_28738,tablet,US,1137
2026-03-15T01:14:56.730431Z,usr_0023,search,/page/profile,sess_61726,desktop,CA,23621
2026-03-24T13:28:14.730442Z,usr_0154,checkout_complete,/page/checkout,sess_35599,mobile,CA,15562
2026-03-13T15:12:17.730454Z,usr_0068,search,/page/cart,sess_50852,mobile,AU,6536
2026-03-13T03:00:35.730465Z,usr_0149,signup,/page/profile,sess_79274,tablet,BR,24833
2026-03-08T06:10:12.730477Z,usr_0135,add_to_cart,/page/products,sess_28907,mobile,US,1820
2026-02-28T11:23:01.730489Z,usr_0092,checkout_complete,/page/cart,sess_62583,tablet,JP,27573
2026-03-12T21:48:15.730502Z,usr_0189,purchase,/page/profile,sess_89210,tablet,BR,4377
2026-03-13T04:14:49.730514Z,usr_0106,page_view,/page/cart,sess_52741,desktop,FR,4885
2026-03-09T23:30:40.730527Z,usr_0113,search,/page/cart,sess_53532,mobile,US,2044
2026-03-15T04:29:26.730538Z,usr_0064,search,/page/cart,sess_85048,mobile,GB,7478
2026-02-26T18:21:02.730550Z,usr_0118,remove_from_cart,/page/checkout,sess_88200,desktop,AU,17847
2026-03-26T17:05:48.730563Z,usr_0022,add_to_cart,/page/settings,sess_50178,mobile,FR,28625
2026-03-27T09:31:33.730575Z,usr_0023,logout,/page/profile,sess_19286,tablet,GB,24060
2026-03-04T12:04:31.730587Z,usr_0120,add_to_cart,/page/settings,sess_59692,mobile,AU,7263
2026-03-18T06:32:54.730599Z,usr_0139,page_view,/page/products,sess_19209,desktop,BR,17933
2026-03-04T21:23:23.730612Z,usr_0063,page_view,/page/products,sess_60095,mobile,AU,21377
2026-03-22T02:20:53.730623Z,usr_0132,checkout_complete,/page/home,sess_48182,mobile,DE,6501
2026-03-04T06:47:00.730635Z,usr_0002,click,/page/checkout,sess_87968,tablet,AU,9623
2026-03-16T02:14:48.730666Z,usr_0048,checkout_complete,/page/checkout,sess_68676,mobile,DE,21228
2026-03-11T00:55:25.730679Z,usr_0179,signup,/page/home,sess_43493,desktop,AU,11784
2026-03-05T20:37:26.730692Z,usr_0139,page_view,/page/products,sess_36025,mobile,JP,2202
2026-03-27T00:31:38.730704Z,usr_0061,remove_from_cart,/page/cart,sess_53272,tablet,DE,16810
2026-03-03T11:33:38.730716Z,usr_0006,click,/page/cart,sess_66519,mobile,AU,21546
2026-03-24T02:33:36.730727Z,usr_0191,purchase,/page/settings,sess_30609,tablet,JP,27407
2026-03-12T10:44:57.730740Z,usr_0152,remove_from_cart,/page/profile,sess_33663,tablet,GB,28574
2026-03-11T05:14:17.730752Z,usr_0172,click,/page/settings,sess_90384,tablet,AU,18479
2026-03-20T07:39:00.730764Z,usr_0011,click,/page/home,sess_12621,mobile,AU,3203
2026-03-09T02:55:30.730776Z,usr_0097,purchase,/page/products,sess_69769,tablet,JP,28543
2026-03-01T10:39:03.730787Z,usr_0014,purchase,/page/products,sess_20614,mobile,FR,17614
2026-03-11T19:34:37.730800Z,usr_0075,page_view,/page/products,sess_59238,tablet,BR,14557
2026-03-20T19:22:36.730811Z,usr_0119,add_to_cart,/page/checkout,sess_39175,mobile,JP,4043
2026-02-27T05:33:51.730823Z,usr_0001,purchase,/page/cart,sess_32540,mobile,BR,4214
2026-03-13T08:44:15.730836Z,usr_0133,click,/page/settings,sess_74773,desktop,GB,15263
2026-03-17T09:00:50.730848Z,usr_0086,add_to_cart,/page/products,sess_98825,tablet,GB,20928
2026-03-25T11:48:29.730859Z,usr_0014,add_to_cart,/page/home,sess_27088,mobile,US,24706
